target,method,seed,split_id,n_te,n_pos,n_events,auc,ap,prevalence,lift,brier,brier_skill,auc_within_athlete,n_athletes_with_both,auc_between_athlete,n_athletes_test,thr_calibrated,f1_calibrated,precision_calibrated,recall_calibrated,f1_oracle,event_detection_rate,event_detection_ci
TeamA-2021,XGBoost,1,ba4234893b,9493,48,6,0.78106802541027,0.015310044602731708,0.005056357315916991,3.027880279452752,0.04210288992126938,-7.36904048455232,0.5639232631172211,3,0.7777777777777778,27,0.17904502631765878,0.033877038895859475,0.017464424320827943,0.5625,0.04696132596685083,0.8333333333333334,"(np.float64(0.43649056343635395), np.float64(0.9699474141282697))"
TeamA-2020,DANN,2,95939cfe81,8607,317,19,0.685720700323068,0.09977552762985993,0.036830486813059136,2.70904721233503,0.03765843213560211,-0.06157833779493127,0.4785643334440047,10,0.8529411764705883,27,0.03758714348077774,0.1029263370332997,0.06126126126126126,0.3217665615141956,0.14983164983164984,0.6842105263157895,"(np.float64(0.4601001017506463), np.float64(0.846358289955714))"
TeamB-2020,ours,1,39b560e891,7963,26,2,0.675061300045551,0.005076805608887474,0.003265101092553058,1.5548693485988827,0.13918390365383493,-41.76738694937281,0.6853318707183232,2,0.6428571428571429,23,0.4163585305213928,0.009776536312849162,0.004978662873399715,0.2692307692307692,0.012027491408934709,0.5,"(np.float64(0.09452865480086614), np.float64(0.9054713451991339))"
TeamA-2020,GAT,123,212169e9ea,8385,331,19,0.7323564429526677,0.11180003298921865,0.0394752534287418,2.8321549142434996,0.050903462960255046,-0.34249860536873755,0.6733406291825165,10,0.776470588235294,27,0.21073501633875297,0.16760347470618292,0.1008610086100861,0.4954682779456193,0.17452006980802792,0.7368421052631579,"(np.float64(0.5120803155892935), np.float64(0.8819376166045982))"
TeamA-2020,ours,5,19bb482a1d,8389,345,19,0.6353177091215705,0.06594230533084378,0.041125283108833,1.6034492736824593,0.13831674630161672,-2.5075510131421535,0.44513287036880506,8,0.7171052631578947,27,0.52241051197052,0.12062848454130766,0.07309582309582309,0.34492753623188405,0.14224137931034483,0.42105263157894735,"(np.float64(0.2314162039203038), np.float64(0.6372444853483988))"
TeamB-2020,DANN,6,39b560e891,7963,26,2,0.8108178831373993,0.024848101247438123,0.003265101092553058,7.610208855128837,0.05659435953241134,-16.389890711028873,0.664574142067133,2,0.7380952380952381,23,0.28778883814811707,0.025938566552901023,0.01320361362056984,0.7307692307692307,0.08547008547008547,0.5,"(np.float64(0.09452865480086614), np.float64(0.9054713451991339))"
TeamA-2020,AthleteRate,5,19bb482a1d,8389,345,19,0.647801403872902,0.06286096590017765,0.041125283108833,1.5285236027147544,0.10341546136445766,-1.6224952218907616,0.5,8,0.5921052631578947,27,0.19402985074626866,0.11343385880740232,0.060280458932799125,0.9594202898550724,0.11343385880740232,0.8947368421052632,"(np.float64(0.686054495051583), np.float64(0.9706420586049034))"
TeamA-2021,LSTM,1,ba4234893b,9493,48,6,0.7080289394741485,0.010274673400826297,0.005056357315916991,2.0320307207092507,0.023379870812181014,-3.6473552223288044,0.5093499582042839,3,0.7222222222222222,27,0.10255453787570759,0.03136762860727729,0.016170763260025874,0.5208333333333334,0.03233830845771144,0.8333333333333334,"(np.float64(0.43649056343635395), np.float64(0.9699474141282697))"
TeamA-2021,LSTM,0,8f006546e9,9512,48,6,0.7555451359537898,0.015103269471141085,0.005046257359125316,2.992964566864458,0.03053876004520587,-5.082457930384404,0.5343553412793484,4,0.8695652173913044,27,0.05990844964981083,0.027678113787801127,0.01418812401471361,0.5625,0.047337278106508875,0.8333333333333334,"(np.float64(0.43649056343635395), np.float64(0.9699474141282697))"
TeamA-2020,AthleteRate,4,bf43aa8c3c,7401,229,19,0.765865617625068,0.14795203573645674,0.030941764626401837,4.781628892949853,0.07994369465375264,-1.6661787384369986,0.5,8,0.6381578947368421,27,0.19973190348525469,0.1077119184193754,0.058095565486421454,0.7379912663755459,0.2908545727136432,0.6842105263157895,"(np.float64(0.4601001017506463), np.float64(0.846358289955714))"
TeamB-2020,Transformer,42,9f439cd354,7854,16,2,0.8018069022709875,0.1522729243228552,0.002037178507766743,74.74697172698154,0.012541454336106076,-5.168853452907901,0.8391196313348569,2,0.7142857142857143,23,0.06645973026752472,0.011865524060646011,0.005996002664890073,0.5625,0.45,0.5,"(np.float64(0.09452865480086614), np.float64(0.9054713451991339))"
TeamA-2020,ours,4,bf43aa8c3c,7401,229,19,0.7552228827780038,0.09233170142404057,0.030941764626401837,2.9840476953682282,0.0966603359031289,-2.2236905430915486,0.575307520602232,8,0.743421052631579,27,0.34148794412612915,0.12997658079625293,0.07505070993914807,0.4847161572052402,0.19736842105263158,0.47368421052631576,"(np.float64(0.27329505487448547), np.float64(0.6829251748817489))"
TeamB-2020,ours,0,2460ca9502,8000,28,2,0.8225933624829761,0.01632978647132305,0.0035,4.665653277520871,0.22604859863228388,-63.81215644248692,0.5918632005092804,2,0.8095238095238095,23,0.6826151013374329,0.020884520884520884,0.010625,0.6071428571428571,0.05726872246696035,0.5,"(np.float64(0.09452865480086614), np.float64(0.9054713451991339))"
TeamA-2020,DANN,3,aadbd4839a,8442,322,19,0.7949660373894685,0.10197067923025073,0.03814262023217247,2.673405198949617,0.06047047191594156,-0.6482464634845271,0.5410503757946786,8,0.7631578947368421,27,0.08050116896629333,0.174042764793635,0.10361160449970397,0.5434782608695652,0.1835564053537285,0.5789473684210527,"(np.float64(0.36275551465160105), np.float64(0.7685837960796962))"
TeamA-2021,XGBoost,0,8f006546e9,9512,48,6,0.6895164130741054,0.013610724116757629,0.005046257359125316,2.69719182913747,0.04319912755000289,-7.604045336590257,0.5449173867505839,4,0.8152173913043479,27,0.11272569617215138,0.023577652485904665,0.01208617971623752,0.4791666666666667,0.04460966542750929,0.6666666666666666,"(np.float64(0.29998832134152864), np.float64(0.9032306674407831))"
TeamA-2020,DANN,123,212169e9ea,8385,331,19,0.7442797371518683,0.11116190176214291,0.0394752534287418,2.8159895657872154,0.04864993911981293,-0.2830654659117824,0.37074009083194237,10,0.8411764705882353,27,0.0322476290166378,0.1758130081300813,0.10568112400733048,0.5226586102719033,0.20100502512562815,0.7368421052631579,"(np.float64(0.5120803155892935), np.float64(0.8819376166045982))"
TeamA-2020,DANN,1,37539b3349,6984,204,19,0.7804452975880618,0.11387374099875641,0.029209621993127148,3.89850101536919,0.040565394873588324,-0.4305541710735379,0.6322980409055828,10,0.8,27,0.10308128595352173,0.14643304130162704,0.08393113342898136,0.5735294117647058,0.1839080459770115,0.7894736842105263,"(np.float64(0.5666528575973392), np.float64(0.9149246150840843))"
TeamA-2021,XGBoost,2,741ce6427f,9336,47,6,0.6704452532508137,0.01155300212837298,0.005034275921165381,2.294868678095535,0.04006690779708561,-6.999092002078344,0.5952365243060299,4,0.8152173913043479,27,0.13825333891835065,0.02359882005899705,0.012135922330097087,0.425531914893617,0.035842293906810034,0.6666666666666666,"(np.float64(0.29998832134152864), np.float64(0.9032306674407831))"
TeamB-2020,ours,2,2460ca9502,8000,28,2,0.7297796752920938,0.006148526273814924,0.0035,1.7567217925185499,0.23512217663830148,-66.41371274841985,0.46333703025842,2,0.7142857142857143,23,0.7502741813659668,0.012285012285012284,0.00625,0.35714285714285715,0.016073478760045924,0.5,"(np.float64(0.09452865480086614), np.float64(0.9054713451991339))"
TeamA-2020,ours,6,54e7d2f18e,8442,318,19,0.8084882822539938,0.19964885316227787,0.037668798862828715,5.300112007534433,0.1897792799474934,-4.2353106347199825,0.5425578420208738,11,0.7954545454545454,27,0.496191143989563,0.17713697219361482,0.10591133004926108,0.5408805031446541,0.27168576104746317,0.7368421052631579,"(np.float64(0.5120803155892935), np.float64(0.8819376166045982))"
TeamB-2020,DANN,5,9f439cd354,7828,16,2,0.8313092037890426,0.2623135369452156,0.002043944813490036,128.3368979504467,0.026664641611193963,-12.07239516256908,0.8072572294421644,2,0.7857142857142857,23,0.2031533420085907,0.012040133779264214,0.006085192697768763,0.5625,0.38461538461538464,0.5,"(np.float64(0.09452865480086614), np.float64(0.9054713451991339))"
TeamA-2021,LSTM,2,741ce6427f,9336,47,6,0.7731897485701459,0.024919927761741487,0.005034275921165381,4.9500520336940115,0.03295745419299374,-5.579736813710778,0.600440344833724,4,0.826086956521739,27,0.20422433667323167,0.027138643067846607,0.013956310679611651,0.48936170212765956,0.1111111111111111,0.6666666666666666,"(np.float64(0.29998832134152864), np.float64(0.9032306674407831))"
TeamA-2020,AthleteRate,6,54e7d2f18e,8442,318,19,0.8154472422730694,0.26523633513940903,0.037668798862828715,7.041274029078274,0.08176218767751224,-1.2555173082355489,0.5,11,0.6647727272727272,27,0.19230769230769232,0.09600882839801361,0.0509865208048447,0.8207547169811321,0.4489795918367347,0.7368421052631579,"(np.float64(0.5120803155892935), np.float64(0.8819376166045982))"
TeamA-2021,LSTM,3,29dc60eb8a,9331,47,6,0.687192332725256,0.01110704963383196,0.00503697352909656,2.2051038326231067,0.036175818237965104,-6.218413424970297,0.5180200446929657,3,0.9027777777777778,27,0.11309244878151832,0.02715466351829988,0.013964784456587736,0.48936170212765956,0.03639846743295019,0.8333333333333334,"(np.float64(0.43649056343635395), np.float64(0.9699474141282697))"
TeamB-2020,GAT,123,2460ca9502,8000,28,2,0.7036592358970682,0.013192569055928484,0.0035,3.7693054445509953,0.045459935075128445,-12.034172482296153,0.678181635068733,2,0.7142857142857142,23,0.230151978135109,0.01597051597051597,0.008125,0.4642857142857143,0.05517241379310345,1.0,"(np.float64(0.34237195288961925), 1.0)"
TeamB-2020,DANN,4,39b560e891,7960,26,2,0.6900535184502918,0.011875700691857238,0.0032663316582914573,3.6357914425839852,0.031496066969075906,-8.674241322001707,0.3934563065953464,2,0.8571428571428571,23,0.22979119420051575,0.022172949002217297,0.011303692539562924,0.5769230769230769,0.042643923240938165,0.5,"(np.float64(0.09452865480086614), np.float64(0.9054713451991339))"
TeamA-2020,AthleteRate,42,21e171fc2d,8483,334,19,0.675896090993862,0.14710906254119757,0.03937286337380644,3.736305920769398,0.11793336185835472,-2.1180625870962624,0.5,10,0.5794117647058824,27,0.1952662721893491,0.08967629046369203,0.04837187352524776,0.6137724550898204,0.3251063829787234,0.5789473684210527,"(np.float64(0.36275551465160105), np.float64(0.7685837960796962))"
TeamB-2020,ours,3,9f439cd354,7841,16,2,0.8471645367412141,0.007505937113515237,0.0020405560515240405,3.6783783066920606,0.041262699217759526,-19.262648605635412,0.8779951942465386,2,0.6666666666666666,23,0.19896022975444794,0.01367053998632946,0.006910850034554251,0.625,0.02318840579710145,1.0,"(np.float64(0.34237195288961925), 1.0)"
TeamB-2020,Transformer,2026,39b560e891,7973,26,2,0.47900997957623104,0.003033501771745609,0.0032610058948952716,0.9302349856202977,0.013095312409454921,-3.0288660729592074,0.36957343649739205,2,0.7142857142857143,23,0.06706398769336586,0.0,0.0,0.0,0.0,0.0,"(0.0, np.float64(0.6576280471103807))"
TeamA-2021,XGBoost,3,29dc60eb8a,9331,47,6,0.756914206092385,0.012025468454023726,0.00503697352909656,2.3874392796701143,0.04264540286997821,-7.509334787260176,0.6275726092522041,3,0.7361111111111112,27,0.15698404221380505,0.031877213695395513,0.01639344262295082,0.574468085106383,0.033738191632928474,1.0,"(np.float64(0.6096569663469354), np.float64(0.9999999999999999))"
TeamA-2020,DANN,0,4cdd86346e,8491,336,19,0.658193008963242,0.07225274358536701,0.03957131079967024,1.825887041021879,0.0685820644832286,-0.8045336844889774,0.3497860286825103,9,0.8703703703703703,27,0.05838681012392044,0.1062215477996965,0.06398537477148081,0.3125,0.11693171188026193,0.7894736842105263,"(np.float64(0.5666528575973392), np.float64(0.9149246150840843))"
TeamA-2021,XGBoost,123,df845c5edf,9374,48,6,0.6740787404389164,0.011504607525404796,0.00512054619159377,2.2467539779821784,0.04993092330757849,-8.80128114377602,0.531867465811107,4,0.8260869565217391,27,0.1278240579436311,0.02704108164326573,0.013866666666666666,0.5416666666666666,0.03474903474903475,0.8333333333333334,"(np.float64(0.43649056343635395), np.float64(0.9699474141282697))"
TeamA-2020,DANN,4,bf43aa8c3c,7401,229,19,0.7013205771108897,0.1137356956323675,0.030941764626401837,3.675798617358742,0.035987792225652064,-0.20021831478885588,0.5565331092161551,8,0.7105263157894737,27,0.04950122907757759,0.12646370023419204,0.07302231237322515,0.47161572052401746,0.1829393627954779,0.631578947368421,"(np.float64(0.4103915749815672), np.float64(0.8085072762372616))"
TeamB-2020,XGBoost,2026,39b560e891,7973,26,2,0.6238638673519761,0.004460597272443851,0.0032610058948952716,1.3678593097382623,0.011935116347203739,-2.6719234963308107,0.49901619615371307,2,0.7142857142857143,23,0.04881445919453749,0.00837404047452896,0.0042643923240938165,0.23076923076923078,0.008492569002123142,0.5,"(np.float64(0.09452865480086614), np.float64(0.9054713451991339))"
TeamA-2020,ours,123,212169e9ea,8385,331,19,0.8030180721219382,0.13496539207531805,0.0394752534287418,3.418987349098314,0.17643874085806405,-3.653293700664567,0.4726455917503988,10,0.7823529411764706,27,0.5395900011062622,0.1992846193152785,0.11992619926199262,0.5891238670694864,0.201171875,0.7368421052631579,"(np.float64(0.5120803155892935), np.float64(0.8819376166045982))"
TeamB-2020,ours,2026,39b560e891,7973,26,2,0.7503412027760838,0.006427810414924071,0.0032610058948952716,1.971112786084216,0.08467262354179787,-25.050135317863372,0.6565872257264042,2,0.6904761904761905,23,0.36597710847854614,0.0,0.0,0.0,0.020717131474103586,0.0,"(0.0, np.float64(0.6576280471103807))"
TeamB-2020,DANN,0,2460ca9502,8000,28,2,0.7653214823310157,0.028522198878966457,0.0035,8.149199679704703,0.053291755355427635,-14.279694747452542,0.6269763214434919,2,0.7857142857142857,23,0.328980028629303,0.011213047910295617,0.005687693898655636,0.39285714285714285,0.12403100775193798,1.0,"(np.float64(0.34237195288961925), 1.0)"
TeamA-2020,ours,3,aadbd4839a,8442,322,19,0.7099654254505401,0.18529171810628592,0.03814262023217247,4.857865479047409,0.16943386072305747,-3.618266616465532,0.48636730210819684,8,0.7171052631578947,27,0.5033986568450928,0.12829438090502238,0.0763765541740675,0.40062111801242234,0.24149659863945577,0.47368421052631576,"(np.float64(0.27329505487448547), np.float64(0.6829251748817489))"
TeamA-2020,AthleteRate,3,aadbd4839a,8442,322,19,0.7245045206988343,0.08079781065125252,0.03814262023217247,2.11830781837849,0.1299195474095951,-2.5412231419831697,0.5,8,0.7236842105263157,27,0.2,0.12200435729847495,0.06515760524645653,0.9565217391304348,0.17186183656276327,0.8947368421052632,"(np.float64(0.686054495051583), np.float64(0.9706420586049034))"
TeamA-2020,AthleteRate,2,95939cfe81,8607,317,19,0.8306585411331352,0.17193027516936873,0.036830486813059136,4.66815103590775,0.12713741657745115,-2.583960343219806,0.5,10,0.7470588235294118,27,0.19343065693430658,0.11017918414029737,0.05863258267397038,0.9116719242902208,0.3262295081967213,0.7894736842105263,"(np.float64(0.5666528575973392), np.float64(0.9149246150840843))"
TeamA-2021,LSTM,6,4f5e1170a2,9507,43,6,0.7861688847824804,0.022343320179036334,0.004522983065109919,4.939952207955778,0.034765395957837744,-6.721309850698975,0.6326023640321211,4,0.7717391304347826,27,0.1339139848947525,0.031876606683804626,0.01629863301787592,0.7209302325581395,0.0670391061452514,0.8333333333333334,"(np.float64(0.43649056343635395), np.float64(0.9699474141282697))"
TeamA-2020,ours,2,95939cfe81,8607,317,19,0.8744774404188849,0.256646710939107,0.036830486813059136,6.968322526980739,0.20839556866568354,-4.874599892829782,0.5692775175893853,10,0.8294117647058823,27,0.5854612588882446,0.23107971745711403,0.13753753753753753,0.722397476340694,0.35376044568245124,0.5789473684210527,"(np.float64(0.36275551465160105), np.float64(0.7685837960796962))"
TeamB-2020,DANN,1,39b560e891,7963,26,2,0.8941229489925472,0.02247842242160101,0.003265101092553058,6.8844491439695705,0.03951770492904348,-11.142704247287961,0.8649532859580972,2,0.7142857142857142,23,0.18571771681308746,0.02546296296296296,0.012925969447708578,0.8461538461538461,0.07291666666666667,1.0,"(np.float64(0.34237195288961925), 1.0)"
TeamA-2020,Transformer,2026,39765725ae,8340,290,19,0.7684679802955666,0.09383121842850166,0.03477218225419664,2.6984564196334615,0.03679505371309332,-0.09629558279992856,0.6052563064889,10,0.8823529411764707,27,0.06318618357181549,0.13930832927423284,0.08111174134997164,0.49310344827586206,0.19499341238471674,0.631578947368421,"(np.float64(0.4103915749815672), np.float64(0.8085072762372616))"
TeamA-2021,XGBoost,6,4f5e1170a2,9507,43,6,0.788987399005288,0.016221863747991568,0.004522983065109919,3.5865408988873453,0.044397142020812734,-8.860497215217212,0.6141083385707623,4,0.8152173913043479,27,0.12330005215326989,0.02982005141388175,0.015247108307045216,0.6744186046511628,0.047505938242280284,0.8333333333333334,"(np.float64(0.43649056343635395), np.float64(0.9699474141282697))"
TeamA-2020,DANN,5,19bb482a1d,8389,345,19,0.6385441665045148,0.08043391682711742,0.041125283108833,1.9558264587324292,0.0493841415311205,-0.2523241060262893,0.4686731256288725,8,0.7697368421052632,27,0.07485661655664444,0.10745058286872783,0.06511056511056511,0.3072463768115942,0.1475826972010178,0.5789473684210527,"(np.float64(0.36275551465160105), np.float64(0.7685837960796962))"
TeamB-2020,ours,6,39b560e891,7963,26,2,0.3316259776509241,0.0024229632721937244,0.003265101092553058,0.7420790975568703,0.1194288282150897,-35.69719540190654,0.5562725149966852,2,0.4523809523809524,23,0.3386576175689697,0.00558659217877095,0.002844950213371266,0.15384615384615385,0.006604013208026416,0.5,"(np.float64(0.09452865480086614), np.float64(0.9054713451991339))"
TeamA-2021,AthleteRate,123,df845c5edf,9374,48,6,0.5495567946243477,0.019874317214797026,0.00512054619159377,3.8812885327397364,0.0942947345852204,-17.509755935300504,0.5,4,0.657608695652174,27,0.2,0.007118311242022582,0.003580246913580247,0.6041666666666666,0.06984126984126984,0.6666666666666666,"(np.float64(0.29998832134152864), np.float64(0.9032306674407831))"
TeamA-2021,LSTM,123,df845c5edf,9374,48,6,0.7238901994424191,0.020981843118019608,0.00512054619159377,4.09757911225658,0.03310119437783234,-5.497658981656974,0.6187833290124426,4,0.75,27,0.11590245068073275,0.0249609984399376,0.0128,0.5,0.07758620689655173,0.6666666666666666,"(np.float64(0.29998832134152864), np.float64(0.9032306674407831))"
TeamA-2021,Transformer,42,22d80f93c7,9350,47,6,0.5914472796466936,0.009866667490261227,0.005026737967914439,1.9628370432753717,0.04302095101239283,-7.60166153192613,0.417960654237216,4,0.8043478260869565,27,0.10428187034175376,0.015359297860669226,0.007882882882882882,0.2978723404255319,0.05390835579514825,0.6666666666666666,"(np.float64(0.29998832134152864), np.float64(0.9032306674407831))"
TeamB-2020,ours,4,39b560e891,7960,26,2,0.5387572472901436,0.0034681514627184448,0.0032663316582914573,1.0617879093553393,0.09833429832275847,-29.204080183665692,0.4965160829963017,2,0.5952380952380952,23,0.3906090259552002,0.004434589800443459,0.002260738507912585,0.11538461538461539,0.009537632179141614,0.5,"(np.float64(0.09452865480086614), np.float64(0.9054713451991339))"
TeamA-2021,XGBoost,4,c693b02b5c,9507,43,6,0.8654485049833887,0.016482670560297202,0.004522983065109919,3.6442034655057096,0.043063150592475355,-8.564220964865825,0.6616445900644009,3,0.75,27,0.1370328784832908,0.037017994858611826,0.01892744479495268,0.8372093023255814,0.03828483920367534,1.0,"(np.float64(0.6096569663469354), np.float64(0.9999999999999999))"
TeamB-2020,DANN,3,9f439cd354,7841,16,2,0.815391373801917,0.13483462244112904,0.0020405560515240405,66.0773921600558,0.031024440024435575,-14.235002516054077,0.755048351592956,2,0.8095238095238095,23,0.19889436662197113,0.012303485987696514,0.006219765031098825,0.5625,0.2857142857142857,0.5,"(np.float64(0.09452865480086614), np.float64(0.9054713451991339))"
TeamA-2020,ours,0,4cdd86346e,8491,336,19,0.5792223219760007,0.04979271667607505,0.03957131079967024,1.2583034443349799,0.2154985464364573,-4.670205307075535,0.38768822375814793,9,0.6358024691358024,27,0.6532586812973022,0.07081436519979767,0.042656916514320534,0.20833333333333334,0.09589470385459103,0.2631578947368421,"(np.float64(0.11806238339540162), np.float64(0.48791968441070643))"
TeamA-2020,AthleteRate,0,4cdd86346e,8491,336,19,0.5213864193746167,0.040660251599840706,0.03957131079967024,1.0275184414709746,0.18639699739391902,-3.9044843286568884,0.5,9,0.7037037037037037,27,0.19322033898305085,0.08109495295124038,0.04302051188963514,0.7053571428571429,0.08109495295124038,0.7894736842105263,"(np.float64(0.5666528575973392), np.float64(0.9149246150840843))"
TeamA-2021,LSTM,4,c693b02b5c,9507,43,6,0.7913021683146908,0.016689924877647647,0.004522983065109919,3.6900259491115395,0.02118310326905232,-3.704715693100944,0.5867724965853229,3,0.9027777777777778,27,0.08594305068254472,0.027763496143958868,0.014195583596214511,0.627906976744186,0.04878048780487805,0.8333333333333334,"(np.float64(0.43649056343635395), np.float64(0.9699474141282697))"
TeamB-2020,ProtoNet,123,2460ca9502,8000,28,2,0.8694851623539531,0.04289754486164012,0.0035,12.256441389040035,0.06810094508120691,-18.525753015900467,0.9033243728489865,2,0.5476190476190477,23,0.17782267928123474,0.022308979364194088,0.0113314447592068,0.7142857142857143,0.12955465587044535,1.0,"(np.float64(0.34237195288961925), 1.0)"
TeamA-2021,LSTM,5,c8c09845d4,9466,42,6,0.6951754385964912,0.009964529039531255,0.004436932178322417,2.245815044957211,0.02936215206797217,-5.647162807589459,0.48810892710804527,4,0.75,27,0.133633279800415,0.02569043031470777,0.013201320132013201,0.47619047619047616,0.029411764705882353,0.6666666666666666,"(np.float64(0.29998832134152864), np.float64(0.9032306674407831))"
TeamA-2020,AthleteRate,1,37539b3349,6984,204,19,0.7240438284458326,0.073643163075758,0.029209621993127148,2.5211953476524207,0.09450870761713616,-2.332885734399463,0.5,10,0.7058823529411764,27,0.19959473150962512,0.16303671437461106,0.09337134711332858,0.6421568627450981,0.19776714513556617,0.631578947368421,"(np.float64(0.4103915749815672), np.float64(0.8085072762372616))"
TeamA-2020,ours,1,37539b3349,6984,204,19,0.7730623517843717,0.12478859751919566,0.029209621993127148,4.2721743385983455,0.13841804986631165,-3.8813654891115617,0.5329708124541418,10,0.7823529411764706,27,0.43211549520492554,0.14643304130162704,0.08393113342898136,0.5735294117647058,0.19543973941368079,0.631578947368421,"(np.float64(0.4103915749815672), np.float64(0.8085072762372616))"
TeamB-2020,DANN,2,2460ca9502,8000,28,2,0.9201894129453086,0.05227515793803876,0.0035,14.935759410868217,0.0383798794536642,-10.004194524740644,0.8022733602562316,2,0.9761904761904762,23,0.21755991876125336,0.03194103194103194,0.01625,0.9285714285714286,0.13114754098360656,1.0,"(np.float64(0.34237195288961925), 1.0)"
TeamA-2020,DANN,6,54e7d2f18e,8442,318,19,0.7607765561470168,0.13091583439197044,0.037668798862828715,3.475444886594385,0.04983291474914889,-0.3747063884818962,0.6376252470199799,11,0.8806818181818181,27,0.20470161736011505,0.16168898043254376,0.09667487684729065,0.4937106918238994,0.22393822393822393,0.7368421052631579,"(np.float64(0.5120803155892935), np.float64(0.8819376166045982))"
TeamA-2021,XGBoost,5,c8c09845d4,9466,42,6,0.7758736559139785,0.014774155999571374,0.004436932178322417,3.329813349808158,0.03627521047969756,-7.212178364171859,0.6275293207387965,4,0.7826086956521738,27,0.14268308063518573,0.03211303789338472,0.0165016501650165,0.5952380952380952,0.037333333333333336,0.6666666666666666,"(np.float64(0.29998832134152864), np.float64(0.9032306674407831))"
TeamB-2020,ours,5,9f439cd354,7828,16,2,0.73333493343574,0.004508755482438157,0.002043944813490036,2.205908619782868,0.056133730636351305,-26.51967641370962,0.7127199232406141,2,0.6190476190476191,23,0.21455569565296173,0.009589041095890411,0.004847645429362881,0.4375,0.015945330296127564,0.5,"(np.float64(0.09452865480086614), np.float64(0.9054713451991339))"
TeamA-2021,GAT,123,df845c5edf,9374,48,6,0.5654130030738437,0.006288077600899966,0.00512054619159377,1.2280091548090892,0.06728440920617368,-12.207715129964063,0.48617614714160284,4,0.6413043478260869,27,0.3209072172641754,0.014560582423296931,0.007466666666666667,0.2916666666666667,0.015400410677618069,0.5,"(np.float64(0.18761280689940868), np.float64(0.8123871931005913))"
TeamA-2021,AthleteRate,6,4f5e1170a2,9507,43,6,0.6694008138551967,0.02101521428224994,0.004522983065109919,4.6463172600314,0.06840427558646989,-14.19242316573308,0.5,4,0.5217391304347826,27,0.2,0.009275237273511648,0.004659226351717413,1.0,0.08982035928143713,1.0,"(np.float64(0.6096569663469354), np.float64(0.9999999999999999))"
TeamA-2021,ours,123,df845c5edf,9374,48,6,0.5748936664522124,0.005592436758145736,0.00512054619159377,1.0921562952262112,0.22920534263174608,-43.99227841132836,0.5254980450837193,4,0.6413043478260869,27,0.5655966401100159,0.0,0.0,0.0,0.015784008307372793,0.0,"(0.0, np.float64(0.3903430336530645))"
TeamA-2020,XGBoost,0,4cdd86346e,8491,336,19,0.609260131091063,0.06225535671187497,0.03957131079967024,1.5732447435730073,0.055713138000407045,-0.4659260398161822,0.40660184255695114,9,0.8703703703703703,27,0.029867624660330397,0.10015174506828528,0.0603290676416819,0.29464285714285715,0.12440191387559808,0.631578947368421,"(np.float64(0.4103915749815672), np.float64(0.8085072762372616))"
TeamA-2021,ProtoNet,42,22d80f93c7,9350,47,6,0.7061048712266232,0.010454210199937199,0.005026737967914439,2.0797205397747405,0.10589574643705191,-20.172924983917728,0.46612501771510395,4,0.7826086956521738,27,0.2605177722399748,0.021941854086670324,0.01126126126126126,0.425531914893617,0.0316622691292876,0.6666666666666666,"(np.float64(0.29998832134152864), np.float64(0.9032306674407831))"
TeamB-2020,DANN,42,9f439cd354,7854,16,2,0.9643962107680532,0.2050528154319833,0.002037178507766743,100.65530077517482,0.019107131077592435,-8.398359102885864,0.9551098938029305,2,0.9047619047619048,23,0.13645105063915253,0.021843003412969283,0.011042097998619738,1.0,0.36363636363636365,1.0,"(np.float64(0.34237195288961925), 1.0)"
TeamB-2020,Transformer,0,2460ca9502,8000,28,2,0.7572709841588416,0.08846160908218804,0.0035,25.274745452053725,0.008558720788634129,-1.453937578276574,0.7263382288578989,2,0.9047619047619048,23,0.07193273305892944,0.011049723756906077,0.005621486570893191,0.32142857142857145,0.32727272727272727,0.5,"(np.float64(0.09452865480086614), np.float64(0.9054713451991339))"
TeamB-2020,Transformer,1,39b560e891,7963,26,2,0.7698752677334005,0.006660791784222821,0.003265101092553058,2.039995576067936,0.01460455469894538,-3.4875781296271215,0.4720780759512545,2,0.9285714285714286,23,0.046968692365814656,0.009776536312849162,0.004978662873399715,0.2692307692307692,0.00880410858400587,0.5,"(np.float64(0.09452865480086614), np.float64(0.9054713451991339))"
TeamA-2020,LSTM,123,212169e9ea,8385,331,19,0.7426491274531354,0.08979309379821726,0.0394752534287418,2.2746679501451714,0.05005683042869754,-0.32017000674739826,0.5434051454316154,10,0.8705882352941177,27,0.060602239745132847,0.1614716402657128,0.0971709717097171,0.4773413897280967,0.16343882853094002,0.6842105263157895,"(np.float64(0.4601001017506463), np.float64(0.846358289955714))"
TeamA-2020,XGBoost,1,37539b3349,6984,204,19,0.8274235062756667,0.1780125454882563,0.029209621993127148,6.09431185142148,0.039947979969912346,-0.40878079826429925,0.6347511533726157,10,0.8823529411764706,27,0.06262152401380894,0.1539424280350438,0.08823529411764706,0.6029411764705882,0.27889908256880735,0.7894736842105263,"(np.float64(0.5666528575973392), np.float64(0.9149246150840843))"
TeamA-2020,AthleteRate,123,212169e9ea,8385,331,19,0.8063526258180245,0.13193121658148796,0.0394752534287418,3.3421246254857295,0.1440249372597904,-2.7984307189582958,0.5,10,0.7205882352941176,27,0.19393939393939394,0.12953259274785162,0.06959459459459459,0.9335347432024169,0.26804123711340205,0.8421052631578947,"(np.float64(0.6243407235682331), np.float64(0.9447962896007217))"
TeamA-2021,AthleteRate,5,c8c09845d4,9466,42,6,0.5951471420486701,0.02138803531775362,0.004436932178322417,4.820455769472757,0.029347561700664195,-5.64385976131771,0.5,4,0.5163043478260869,27,0.16,0.007889990982867448,0.003963759909399773,0.8333333333333334,0.0958904109589041,0.8333333333333334,"(np.float64(0.43649056343635395), np.float64(0.9699474141282697))"
TeamA-2020,XGBoost,3,aadbd4839a,8442,322,19,0.7067961554936818,0.08984487049374207,0.03814262023217247,2.35549812642289,0.0531114065565376,-0.4476600769577277,0.5209415299794755,8,0.743421052631579,27,0.02763395365827753,0.12554321583775954,0.07432818753573471,0.40372670807453415,0.1840607210626186,0.7368421052631579,"(np.float64(0.5120803155892935), np.float64(0.8819376166045982))"
TeamA-2021,LSTM,42,22d80f93c7,9350,47,6,0.653916261283823,0.010717719327810203,0.005026737967914439,2.132142036489902,0.03930327157381927,-6.858344160685333,0.47740993004169074,4,0.8478260869565217,27,0.08591771927438215,0.018650575973669776,0.009572072072072071,0.3617021276595745,0.0525328330206379,0.6666666666666666,"(np.float64(0.29998832134152864), np.float64(0.9032306674407831))"
TeamB-2020,GAT,42,9f439cd354,7854,16,2,0.9714531768308241,0.07921803453421505,0.002037178507766743,38.886152701982816,0.040147174729994,-18.747473524232074,0.9245540815297755,2,0.9523809523809523,23,0.23447941171312794,0.021843003412969283,0.011042097998619738,1.0,0.21818181818181817,1.0,"(np.float64(0.34237195288961925), 1.0)"
TeamB-2020,Transformer,3,9f439cd354,7841,16,2,0.9149281150159745,0.10470600965473549,0.0020405560515240405,51.312488856423805,0.013028578817875752,-5.397873125658685,0.8655103172469418,2,0.8571428571428571,23,0.07812237674460826,0.016404647983595352,0.0082930200414651,0.75,0.3157894736842105,1.0,"(np.float64(0.34237195288961925), 1.0)"
TeamB-2020,Transformer,2,2460ca9502,8000,28,2,0.6586311017131389,0.06459313060122321,0.0035,18.45518017177806,0.012542658670813809,-2.5962034752530423,0.8192669892772594,2,0.6428571428571428,23,0.09767346829175949,0.010889292196007259,0.005538461538461538,0.32142857142857145,0.23684210526315788,0.5,"(np.float64(0.09452865480086614), np.float64(0.9054713451991339))"
TeamB-2020,AthleteRate,2026,39b560e891,7973,26,2,0.5397634327419152,0.003701594533029613,0.0032610058948952716,1.1351082004555808,0.06806614919399943,-19.941035282723625,0.5,2,0.5476190476190477,23,0.17647058823529413,0.007375886524822695,0.003701594533029613,1.0,0.007375886524822695,1.0,"(np.float64(0.34237195288961925), 1.0)"
TeamA-2020,DANN,42,21e171fc2d,8483,334,19,0.7061935155336645,0.12007066225289685,0.03937286337380644,3.0495791254231257,0.058264981166661116,-0.5404789200517814,0.45936273300555625,10,0.7823529411764705,27,0.18633221089839935,0.16574585635359115,0.0995775497887749,0.4940119760479042,0.23127463863337713,0.5789473684210527,"(np.float64(0.36275551465160105), np.float64(0.7685837960796962))"
TeamA-2020,XGBoost,2,95939cfe81,8607,317,19,0.7344404150795494,0.0991265283224087,0.036830486813059136,2.6914259598453367,0.04766590073385634,-0.34368545903182635,0.502383382322813,10,0.9117647058823529,27,0.025936070572049278,0.1503531786074672,0.0894894894894895,0.47003154574132494,0.19174757281553398,0.631578947368421,"(np.float64(0.4103915749815672), np.float64(0.8085072762372616))"
TeamA-2021,AthleteRate,4,c693b02b5c,9507,43,6,0.5182269653423499,0.004847255100890542,0.004522983065109919,1.0716942847480555,0.06942246954885106,-14.418561567297397,0.5,3,0.375,27,0.2,0.009647745120035899,0.004847255100890542,1.0,0.009647745120035899,1.0,"(np.float64(0.6096569663469354), np.float64(0.9999999999999999))"
TeamA-2021,AthleteRate,0,8f006546e9,9512,48,6,0.6647691251056635,0.019826138364546116,0.005046257359125316,3.928879752574222,0.06719926913382329,-12.384195260515332,0.5,4,0.5434782608695652,27,0.2,0.010757507844016136,0.005407841369986481,1.0,0.08849557522123894,1.0,"(np.float64(0.6096569663469354), np.float64(0.9999999999999999))"
TeamA-2021,DANN,42,22d80f93c7,9350,47,6,0.7833849067219222,0.013652423454722968,0.005026737967914439,2.7159608362055265,0.05475109953342152,-9.947001765526434,0.540044744876327,4,0.8695652173913044,27,0.2221774160861969,0.02852441031267142,0.01463963963963964,0.5531914893617021,0.038,0.8333333333333334,"(np.float64(0.43649056343635395), np.float64(0.9699474141282697))"
TeamB-2020,DANN,2026,39b560e891,7973,26,2,0.5641267628810098,0.0037305487165775007,0.0032610058948952716,1.1439871122027852,0.057246849413280454,-16.612400695263002,0.6491993780336169,2,0.4285714285714286,23,0.34802892804145813,0.0024813895781637717,0.0012610340479192938,0.07692307692307693,0.010041077133728891,0.5,"(np.float64(0.09452865480086614), np.float64(0.9054713451991339))"
TeamA-2020,XGBoost,6,54e7d2f18e,8442,318,19,0.7959050209179107,0.15808426669209055,0.037668798862828715,4.196689872373045,0.03820780432503787,-0.05401245261080945,0.5117384303976614,11,0.9772727272727273,27,0.033540364869370724,0.18640576725025745,0.11145320197044335,0.5691823899371069,0.22305529522024367,0.7894736842105263,"(np.float64(0.5666528575973392), np.float64(0.9149246150840843))"
TeamB-2020,Transformer,6,39b560e891,7963,26,2,0.38436824609181924,0.002523997075601932,0.003265101092553058,0.7730226428083916,0.027633104712870046,-7.490893349327962,0.509783456652724,2,0.380952380952381,23,0.2088302435243832,0.0,0.0,0.0,0.0034652035807103665,0.0,"(0.0, np.float64(0.6576280471103807))"
TeamB-2020,GAT,2026,39b560e891,7973,26,2,0.8442663414350844,0.036086867296633116,0.0032610058948952716,11.066176652155994,0.041554128269891556,-11.784423337398614,0.9294317101679256,2,0.7619047619047619,23,0.22661072541685665,0.022330774598743892,0.011371712864250177,0.6153846153846154,0.1111111111111111,1.0,"(np.float64(0.34237195288961925), 1.0)"
TeamB-2020,Transformer,123,2460ca9502,8000,28,2,0.883812092323131,0.15847041177004692,0.0035,45.27726050572769,0.007406126989453487,-1.1234684221786195,0.7807775230270356,2,0.9047619047619049,23,0.029620155692100525,0.022822822822822823,0.011606597434331093,0.6785714285714286,0.3829787234042553,1.0,"(np.float64(0.34237195288961925), 1.0)"
TeamA-2020,GAT,42,21e171fc2d,8483,334,19,0.7726860060710583,0.1882007507505667,0.03937286337380644,4.779960983883405,0.05000814490597467,-0.3221748555653656,0.716181350031562,10,0.7941176470588236,27,0.2018919957460031,0.20793571069814162,0.12492456246228123,0.6197604790419161,0.2368839427662957,0.7894736842105263,"(np.float64(0.5666528575973392), np.float64(0.9149246150840843))"
TeamA-2020,LSTM,42,21e171fc2d,8483,334,19,0.7893421036194882,0.1242461048222684,0.03937286337380644,3.155627865890128,0.05069408625893472,-0.34031058947394155,0.5198672211881032,10,0.7941176470588235,27,0.05835644673754479,0.1737820190858865,0.1044055522027761,0.5179640718562875,0.18663303909205547,0.631578947368421,"(np.float64(0.4103915749815672), np.float64(0.8085072762372616))"
TeamA-2020,AthleteRate,2026,39765725ae,8340,290,19,0.6647397729706574,0.08619599483821039,0.03477218225419664,2.478877920519568,0.08083044581881163,-1.40831448155705,0.5,10,0.6941176470588235,27,0.19638242894056848,0.06221142162818955,0.0334640522875817,0.4413793103448276,0.20742637644046094,0.5789473684210527,"(np.float64(0.36275551465160105), np.float64(0.7685837960796962))"
TeamA-2021,AthleteRate,1,ba4234893b,9493,48,6,0.3129389447679548,0.003970858612090036,0.005056357315916991,0.7853200167618898,0.0577853609891904,-10.486338026613643,0.5,3,0.2152777777777778,27,0.16279069767441862,0.006070511323838431,0.0030523597088518433,0.5416666666666666,0.006070511323838431,0.5,"(np.float64(0.18761280689940868), np.float64(0.8123871931005913))"
TeamA-2021,AthleteRate,3,29dc60eb8a,9331,47,6,0.6785237929359135,0.011440661871568048,0.00503697352909656,2.271336509012797,0.08694969303669,-16.349678931502567,0.5,3,0.7152777777777778,27,0.17647058823529413,0.012069851052901901,0.006071566981010206,1.0,0.044585987261146494,1.0,"(np.float64(0.6096569663469354), np.float64(0.9999999999999999))"
TeamA-2020,XGBoost,5,19bb482a1d,8389,345,19,0.6367161769687011,0.07657661931879928,0.041125283108833,1.8620326361316148,0.05179343544673098,-0.31342098359618853,0.43731747107859226,8,0.7763157894736843,27,0.02207172875752412,0.10800196367206677,0.06501182033096926,0.3188405797101449,0.14627285513361463,0.6842105263157895,"(np.float64(0.4601001017506463), np.float64(0.846358289955714))"
TeamB-2020,LSTM,42,9f439cd354,7854,16,2,0.7939365909670834,0.2251946843379672,0.002037178507766743,110.54244067439966,0.011502965361369346,-4.658044568553224,0.7512476475332706,2,0.8333333333333334,23,0.059366654604673386,0.01023308698123934,0.0051635111876075735,0.5625,0.29411764705882354,0.5,"(np.float64(0.09452865480086614), np.float64(0.9054713451991339))"
TeamA-2021,DANN,123,df845c5edf,9374,48,6,0.7584039245121166,0.012151282058995367,0.00512054619159377,2.3730441254379704,0.059609026315819554,-10.701061925674717,0.7267482890621156,4,0.6956521739130435,27,0.2344306856393814,0.02392095683827353,0.012266666666666667,0.4791666666666667,0.034334763948497854,0.8333333333333334,"(np.float64(0.43649056343635395), np.float64(0.9699474141282697))"
TeamB-2020,Transformer,5,9f439cd354,7828,16,2,0.7355350742447517,0.2762846093507808,0.002043944813490036,135.1722451248695,0.008931630406916344,-3.378750100140574,0.5513696515427877,2,0.9285714285714286,23,0.054772961631561944,0.012328767123287671,0.006232686980609419,0.5625,0.4864864864864865,0.5,"(np.float64(0.09452865480086614), np.float64(0.9054713451991339))"
TeamB-2020,Transformer,4,39b560e891,7960,26,2,0.4220007368482286,0.00270840850007824,0.0032663316582914573,0.8291896792547226,0.013232922131046897,-3.06458629316157,0.14292779492149538,2,0.7619047619047619,23,0.11728023365139961,0.0,0.0,0.0,0.003911980440097799,0.0,"(0.0, np.float64(0.6576280471103807))"
TeamB-2020,LSTM,2026,39b560e891,7973,26,2,0.6373280676791435,0.006033410263229134,0.0032610058948952716,1.8501684626433033,0.013372023067156019,-3.1139980763800086,0.7286838062425616,2,0.47619047619047616,23,0.12955839931964874,0.010043942247332079,0.005105296745373325,0.3076923076923077,0.03508771929824561,0.5,"(np.float64(0.09452865480086614), np.float64(0.9054713451991339))"
TeamB-2020,ProtoNet,2026,39b560e891,7973,26,2,0.7992904918159731,0.007699691688302333,0.0032610058948952716,2.361140070416712,0.0822798912523208,-24.31399419794724,0.7201084713631875,2,0.6904761904761905,23,0.28643327951431274,0.013810420590081607,0.007019783024888321,0.4230769230769231,0.02066115702479339,1.0,"(np.float64(0.34237195288961925), 1.0)"
TeamA-2020,XGBoost,4,bf43aa8c3c,7401,229,19,0.7688043263832907,0.11220155605159941,0.030941764626401837,3.6262171019121716,0.036587740300985896,-0.22022700727610212,0.5542309793214564,8,0.7697368421052633,27,0.024111693134394985,0.14637002341920374,0.08451656524678837,0.5458515283842795,0.2286902286902287,0.7368421052631579,"(np.float64(0.5120803155892935), np.float64(0.8819376166045982))"
TeamA-2021,AthleteRate,2,741ce6427f,9336,47,6,0.5464516483692676,0.008892637393267925,0.005034275921165381,1.766418355394667,0.052444928403954025,-9.470281596728423,0.5,4,0.5489130434782609,27,0.17647058823529413,0.009820770930518046,0.004938881343375725,0.851063829787234,0.05185185185185185,0.8333333333333334,"(np.float64(0.43649056343635395), np.float64(0.9699474141282697))"
TeamB-2020,ProtoNet,4,39b560e891,7960,26,2,0.7900903608617247,0.007389751645973772,0.0032663316582914573,2.2624008885365856,0.05739161578484991,-16.62824359966525,0.5565154706150172,2,0.7142857142857142,23,0.31825271248817444,0.011479591836734694,0.005836575875486381,0.34615384615384615,0.020562770562770564,0.5,"(np.float64(0.09452865480086614), np.float64(0.9054713451991339))"
TeamA-2021,GAT,42,22d80f93c7,9350,47,6,0.5911545349132401,0.0069777271803589305,0.005026737967914439,1.3881223220501275,0.06071659846381125,-11.139750913575213,0.49253117703489857,4,0.5869565217391304,27,0.30614903267425825,0.016456390565002744,0.008445945945945946,0.3191489361702128,0.020942408376963352,0.5,"(np.float64(0.18761280689940868), np.float64(0.8123871931005913))"
TeamB-2020,GAT,0,2460ca9502,8000,28,2,0.8470629345566626,0.022711040340334755,0.0035,6.488868668667073,0.046620823055152326,-12.367019727661756,0.8943323900372013,2,0.7380952380952381,23,0.23055539727211005,0.02334152334152334,0.011875,0.6785714285714286,0.0784313725490196,1.0,"(np.float64(0.34237195288961925), 1.0)"
TeamB-2020,AthleteRate,1,39b560e891,7963,26,2,0.5391835706186217,0.003701594533029613,0.003265101092553058,1.1336845102505695,0.06815162721634402,-19.941121321326616,0.5,2,0.5476190476190477,23,0.17647058823529413,0.007375886524822695,0.003701594533029613,1.0,0.007375886524822695,1.0,"(np.float64(0.34237195288961925), 1.0)"
TeamA-2020,ProtoNet,123,212169e9ea,8385,331,19,0.8885161114141178,0.281042194707155,0.0394752534287418,7.119452575889713,0.18962654474037405,-4.001101242436359,0.7270906842360555,10,0.8588235294117647,27,0.6199315175865636,0.26980071538068473,0.16236162361623616,0.797583081570997,0.38031319910514544,0.7368421052631579,"(np.float64(0.5120803155892935), np.float64(0.8819376166045982))"
TeamA-2020,ProtoNet,1,37539b3349,6984,204,19,0.8241168517554514,0.12727884404762707,0.029209621993127148,4.357428660924644,0.13600573159851118,-3.796294162412714,0.6569949812745512,10,0.8411764705882352,27,0.5193185451182913,0.16645807259073842,0.09540889526542325,0.6519607843137255,0.2218487394957983,0.7368421052631579,"(np.float64(0.5120803155892935), np.float64(0.8819376166045982))"
TeamA-2021,ProtoNet,6,4f5e1170a2,9507,43,6,0.7237450608425564,0.01653569978782963,0.004522983065109919,3.655927857741774,0.39406786941521393,-86.52151494692461,0.6059467051852863,4,0.6956521739130435,27,0.9656254649162292,0.02982005141388175,0.015247108307045216,0.6744186046511628,0.02645985401459854,0.6666666666666666,"(np.float64(0.29998832134152864), np.float64(0.9032306674407831))"
TeamA-2020,ProtoNet,0,4cdd86346e,8491,336,19,0.8194788108376396,0.1894638035908522,0.03957131079967024,4.787908203243827,0.18966410297533579,-3.9904485252274107,0.742302645107956,9,0.8024691358024691,27,0.6364248970807609,0.19322205361659078,0.11639244363193176,0.5684523809523809,0.3022222222222222,0.631578947368421,"(np.float64(0.4103915749815672), np.float64(0.8085072762372616))"
TeamA-2021,LSTM,2026,901a6de8d2,9372,48,6,0.7606468075218075,0.015983193931103912,0.005121638924455826,3.120718615048039,0.03242288105564409,-5.363157320328738,0.647258098271698,4,0.7391304347826086,27,0.12246665507555009,0.026001040041601663,0.013333333333333334,0.5208333333333334,0.059907834101382486,0.6666666666666666,"(np.float64(0.29998832134152864), np.float64(0.9032306674407831))"
TeamA-2021,XGBoost,42,22d80f93c7,9350,47,6,0.6561873200363186,0.008637656884013623,0.005026737967914439,1.7183423801176037,0.04592661024267096,-8.18262259015029,0.4797650116171232,4,0.8260869565217391,27,0.12035498800856993,0.019747668678003292,0.010135135135135136,0.3829787234042553,0.022284122562674095,0.6666666666666666,"(np.float64(0.29998832134152864), np.float64(0.9032306674407831))"
TeamA-2021,Transformer,6,4f5e1170a2,9507,43,6,0.7295479565157561,0.014506242173421731,0.004522983065109919,3.2072289382028,0.033363189370890216,-6.409883179602136,0.44575763851576344,4,0.8478260869565217,27,0.14244993031024933,0.02982005141388175,0.015247108307045216,0.6744186046511628,0.05263157894736842,0.6666666666666666,"(np.float64(0.29998832134152864), np.float64(0.9032306674407831))"
TeamB-2020,AthleteRate,0,2460ca9502,8000,28,2,0.5195684897139989,0.003797125033902902,0.0035,1.0848928668294004,0.0766499215001175,-20.97689670994694,0.5,2,0.5238095238095238,23,0.2,0.007565522831667117,0.003797125033902902,1.0,0.007565522831667117,1.0,"(np.float64(0.34237195288961925), 1.0)"
TeamB-2020,GAT,1,39b560e891,7963,26,2,0.7487085800680358,0.015646814675271424,0.003265101092553058,4.792137894584091,0.05986564356480391,-17.395066355351897,0.8323839204649838,2,0.6666666666666667,23,0.2714347786763135,0.018156424581005588,0.009246088193456615,0.5,0.06722689075630252,1.0,"(np.float64(0.34237195288961925), 1.0)"
TeamA-2021,ProtoNet,123,df845c5edf,9374,48,6,0.7300468225033956,0.010792446551343407,0.00512054619159377,2.107674874422773,0.14013528765660285,-26.50811043539866,0.5750678909944476,4,0.7391304347826086,27,0.38747457265853913,0.03016120644825793,0.015466666666666667,0.6041666666666666,0.03762662807525326,0.8333333333333334,"(np.float64(0.43649056343635395), np.float64(0.9699474141282697))"
TeamB-2020,ProtoNet,5,9f439cd354,7828,16,2,0.9180427547363031,0.031525754544864726,0.002043944813490036,15.423975411075066,0.021079474528370477,-9.334255561060571,0.903842956756346,2,0.6190476190476191,23,0.015252910554409027,0.01646090534979424,0.00830860534124629,0.875,0.10989010989010989,1.0,"(np.float64(0.34237195288961925), 1.0)"
TeamA-2021,AthleteRate,42,22d80f93c7,9350,47,6,0.7305010280371694,0.01935997807698812,0.005026737967914439,3.851399894039126,0.09060574945725368,-17.115824298102787,0.5,4,0.7934782608695652,27,0.189873417721519,0.011539405843358703,0.005803185578466478,1.0,0.06687898089171974,1.0,"(np.float64(0.6096569663469354), np.float64(0.9999999999999999))"
TeamA-2020,GAT,2026,39765725ae,8340,290,19,0.7301788391518527,0.07049283047868002,0.03477218225419664,2.027276573076522,0.05123262899003814,-0.526458020552365,0.65637228466739,10,0.788235294117647,27,0.20360328572819092,0.11410788381742738,0.06715506715506715,0.3793103448275862,0.13378492802709568,0.5263157894736842,"(np.float64(0.31707482511825114), np.float64(0.7267049451255145))"
TeamA-2021,DANN,2026,901a6de8d2,9372,48,6,0.7286728692978695,0.032861981088231254,0.005121638924455826,6.4163018074771525,0.04799443374902954,-8.419154698839067,0.6362691431008946,4,0.717391304347826,27,0.23052017390727997,0.028081123244929798,0.0144,0.5625,0.08333333333333333,0.8333333333333334,"(np.float64(0.43649056343635395), np.float64(0.9699474141282697))"
TeamA-2020,XGBoost,2026,39765725ae,8340,290,19,0.7673666738059542,0.09993256135634278,0.03477218225419664,2.8739226265927544,0.049222045521211455,-0.46655339878139857,0.568718025723336,10,0.8764705882352941,27,0.02987227341711033,0.15975103734439833,0.09401709401709402,0.5310344827586206,0.17483044461190655,0.5789473684210527,"(np.float64(0.36275551465160105), np.float64(0.7685837960796962))"
TeamB-2020,GAT,3,9f439cd354,7841,16,2,0.9676757188498402,0.03839349023215186,0.0020405560515240405,18.81520980689392,0.06600994271034885,-31.41514246460752,0.9275324724425327,2,0.9047619047619049,23,0.3009328222969203,0.021872863978127138,0.0110573600552868,1.0,0.0847457627118644,1.0,"(np.float64(0.34237195288961925), 1.0)"
TeamB-2020,AthleteRate,2,2460ca9502,8000,28,2,0.5195684897139989,0.003797125033902902,0.0035,1.0848928668294004,0.0766499215001175,-20.97689670994694,0.5,2,0.5238095238095238,23,0.2,0.007565522831667117,0.003797125033902902,1.0,0.007565522831667117,1.0,"(np.float64(0.34237195288961925), 1.0)"
TeamA-2021,Transformer,2026,901a6de8d2,9372,48,6,0.7156531531531531,0.056715056506892514,0.005121638924455826,11.073614782970763,0.03307059335778152,-5.4902741940494755,0.567026050508011,4,0.8260869565217391,27,0.12392644584178927,0.02704108164326573,0.013866666666666666,0.5416666666666666,0.15789473684210525,0.6666666666666666,"(np.float64(0.29998832134152864), np.float64(0.9032306674407831))"
TeamA-2021,Transformer,4,c693b02b5c,9507,43,6,0.7866701724036249,0.012555515707239307,0.004522983065109919,2.775936926249398,0.03404740539754664,-6.561845894280704,0.5017934176786486,3,0.9444444444444444,27,0.14774457812309266,0.02262210796915167,0.011566771819137749,0.5116279069767442,0.039886039886039885,0.5,"(np.float64(0.18761280689940868), np.float64(0.8123871931005913))"
TeamA-2020,ProtoNet,2,95939cfe81,8607,317,19,0.8638837411955418,0.1832796301782214,0.036830486813059136,4.976302135469879,0.15481279914781154,-3.364119923976931,0.7527827260720243,10,0.9058823529411765,27,0.5436934698237119,0.24520686175580222,0.14594594594594595,0.7665615141955836,0.31598173515981737,0.7368421052631579,"(np.float64(0.5120803155892935), np.float64(0.8819376166045982))"
TeamA-2021,ProtoNet,4,c693b02b5c,9507,43,6,0.7834806070494801,0.01236192898442532,0.004522983065109919,2.7331362524402683,0.3928340333152105,-86.24748295129717,0.6107688647090477,3,0.6388888888888888,27,0.7883608222007752,0.02879177377892031,0.014721345951629864,0.6511627906976745,0.02939975500204165,0.6666666666666666,"(np.float64(0.29998832134152864), np.float64(0.9032306674407831))"
TeamA-2021,ProtoNet,2026,901a6de8d2,9372,48,6,0.7006292006292006,0.014619284456552181,0.005121638924455826,2.8544152901418136,0.20046044826677187,-38.341394943773615,0.5213345367011931,4,0.7608695652173914,27,0.6154076337814331,0.022880915236609463,0.011733333333333333,0.4583333333333333,0.03333333333333333,0.5,"(np.float64(0.18761280689940868), np.float64(0.8123871931005913))"
TeamA-2020,ours,2026,39765725ae,8340,290,19,0.8574744056543157,0.20752481794586494,0.03477218225419664,5.968127522994875,0.12751824742246523,-2.7993609811171654,0.7504314802083657,10,0.9176470588235295,27,0.4736781716346741,0.2053941908713693,0.12087912087912088,0.6827586206896552,0.3664772727272727,0.631578947368421,"(np.float64(0.4103915749815672), np.float64(0.8085072762372616))"
TeamA-2020,Transformer,123,212169e9ea,8385,331,19,0.7409153620913816,0.08837111196818054,0.0394752534287418,2.238645842456779,0.04513106544681442,-0.1902607189703467,0.6616166352915016,10,0.8705882352941177,27,0.06746890806790554,0.1492079713847726,0.0897908979089791,0.44108761329305135,0.15377969762419005,0.631578947368421,"(np.float64(0.4103915749815672), np.float64(0.8085072762372616))"
TeamA-2020,ProtoNet,3,aadbd4839a,8442,322,19,0.8129268274026252,0.17237365570766125,0.03814262023217247,4.519187582248684,0.16251525735850023,-3.429685923003518,0.6059613978617949,8,0.7960526315789473,27,0.6012715578079225,0.1899552461461959,0.11308466548253404,0.593167701863354,0.2649350649350649,0.6842105263157895,"(np.float64(0.4601001017506463), np.float64(0.846358289955714))"
TeamA-2021,ProtoNet,5,c8c09845d4,9466,42,6,0.8077022192578219,0.013543742331857716,0.004436932178322417,3.052501545556313,0.10484400737078707,-22.73515349898063,0.5331432979107188,4,0.7717391304347827,27,0.4289405226707457,0.03211303789338472,0.0165016501650165,0.5952380952380952,0.0374331550802139,0.6666666666666666,"(np.float64(0.29998832134152864), np.float64(0.9032306674407831))"
TeamA-2021,XGBoost,2026,901a6de8d2,9372,48,6,0.6698797011297011,0.009559974892204753,0.005121638924455826,1.866585097702978,0.04138932707830298,-7.122868511585828,0.5277620941595732,4,0.7934782608695652,27,0.11048027087106611,0.028081123244929798,0.0144,0.5625,0.030124426981008513,0.8333333333333334,"(np.float64(0.43649056343635395), np.float64(0.9699474141282697))"
TeamA-2021,Transformer,5,c8c09845d4,9466,42,6,0.7593378607809848,0.024666230382473328,0.004436932178322417,5.559298495249823,0.02703972975854784,-5.121400282997113,0.5517018623565231,4,0.8695652173913044,27,0.13351137638092042,0.028259473346178548,0.014521452145214522,0.5238095238095238,0.08333333333333333,0.6666666666666666,"(np.float64(0.29998832134152864), np.float64(0.9032306674407831))"
TeamB-2020,AthleteRate,3,9f439cd354,7841,16,2,0.5789776357827476,0.0025384737426622245,0.0020405560515240405,1.2440107885134064,0.06584578306480955,-31.334529483007984,0.5,2,0.5952380952380952,23,0.18446601941747573,0.00506409241968666,0.0025384737426622245,1.0,0.00506409241968666,1.0,"(np.float64(0.34237195288961925), 1.0)"
TeamB-2020,XGBoost,42,9f439cd354,7854,16,2,0.8368126435315131,0.011553664853899078,0.002037178507766743,5.67140523515771,0.011344294014162341,-4.579997775744075,0.6842454042882108,2,0.7619047619047619,23,0.041698246393131855,0.015574302401038288,0.007868852459016393,0.75,0.05194805194805195,1.0,"(np.float64(0.34237195288961925), 1.0)"
TeamB-2020,GAT,2,2460ca9502,8000,28,2,0.6014443409074618,0.06347769244874443,0.0035,18.136483556784125,0.04292912583520412,-11.308544429848494,0.8085405186305129,2,0.47619047619047616,23,0.23080936968326568,0.014742014742014743,0.0075,0.42857142857142855,0.23529411764705882,1.0,"(np.float64(0.34237195288961925), 1.0)"
TeamB-2020,ProtoNet,6,39b560e891,7963,26,2,0.5181138000213217,0.0032226738671053802,0.003265101092553058,0.987005846298467,0.06244263359179526,-18.186904540341455,0.5346654401290792,2,0.7619047619047619,23,0.15218907507026896,0.004189944134078212,0.0021337126600284497,0.11538461538461539,0.005405405405405406,0.5,"(np.float64(0.09452865480086614), np.float64(0.9054713451991339))"
TeamB-2020,ProtoNet,2,2460ca9502,8000,28,2,0.9706875851193463,0.18889150325376058,0.0035,53.96900092964588,0.0533442446424433,-14.294744360244643,0.8566399178387412,2,0.9523809523809523,23,0.20215727388858828,0.0343980343980344,0.0175,1.0,0.3291139240506329,1.0,"(np.float64(0.34237195288961925), 1.0)"
TeamB-2020,AthleteRate,123,2460ca9502,8000,28,2,0.5195684897139989,0.003797125033902902,0.0035,1.0848928668294004,0.07664992150011753,-20.976896709946946,0.5,2,0.5238095238095238,23,0.2,0.007565522831667117,0.003797125033902902,1.0,0.007565522831667117,1.0,"(np.float64(0.34237195288961925), 1.0)"
TeamB-2020,GAT,6,39b560e891,7963,26,2,0.8172386388966961,0.06688036048679259,0.003265101092553058,20.48339655985882,0.040878341663618735,-11.560790507246855,0.907384652659998,2,0.6904761904761905,23,0.22989940643310547,0.019393939393939394,0.009852216748768473,0.6153846153846154,0.2545454545454545,1.0,"(np.float64(0.34237195288961925), 1.0)"
TeamA-2020,Transformer,42,21e171fc2d,8483,334,19,0.7087574758447273,0.08273317576815468,0.03937286337380644,2.101274042039689,0.046236376082023765,-0.2224523421746034,0.5368201339115559,10,0.8647058823529412,27,0.02988944525593484,0.14163736815670516,0.08509354254677128,0.4221556886227545,0.15417106652587118,0.5789473684210527,"(np.float64(0.36275551465160105), np.float64(0.7685837960796962))"
TeamA-2021,Transformer,1,ba4234893b,9493,48,6,0.7218810658196576,0.009931439493789326,0.005056357315916991,1.9641490648862932,0.02166841320008416,-3.307158668837638,0.468722286622194,3,0.8194444444444444,27,0.1674681676681651,0.025094102885821833,0.0129366106080207,0.4166666666666667,0.025737265415549597,0.5,"(np.float64(0.18761280689940868), np.float64(0.8123871931005913))"
TeamA-2021,ProtoNet,1,ba4234893b,9493,48,6,0.23634197988353628,0.0031053235225115675,0.005056357315916991,0.6141424208167148,0.3741340084217862,-73.36883000157165,0.7116396110049864,3,0.15277777777777773,27,0.8953060715697532,0.0,0.0,0.0,0.00806556524001561,0.0,"(0.0, np.float64(0.3903430336530645))"
TeamA-2021,ProtoNet,0,8f006546e9,9512,48,6,0.5038963440405748,0.00572350551576305,0.005046257359125316,1.1342080097070444,0.3632887708311911,-71.35685607047654,0.3607136815189032,4,0.5652173913043479,27,0.929785943031311,0.009226037929267043,0.004729374671571204,0.1875,0.011935651271406332,0.3333333333333333,"(np.float64(0.09676933255921683), np.float64(0.7000116786584712))"
TeamA-2020,ProtoNet,6,54e7d2f18e,8442,318,19,0.8583490875703328,0.1811895917361117,0.037668798862828715,4.810070859862437,0.17322831905354538,-3.7787306455510175,0.76150537315916,11,0.9318181818181818,27,0.5950747728347778,0.24925224327018944,0.1481042654028436,0.7861635220125787,0.29948867786705624,0.8421052631578947,"(np.float64(0.6243407235682331), np.float64(0.9447962896007217))"
TeamA-2020,XGBoost,42,21e171fc2d,8483,334,19,0.7330023962383247,0.09551534378217647,0.03937286337380644,2.425918147617374,0.05299278659094403,-0.4010863648036791,0.49315532256577793,10,0.8941176470588236,27,0.034417915299787744,0.12757408337518836,0.07664453832226917,0.38023952095808383,0.18915801614763553,0.5789473684210527,"(np.float64(0.36275551465160105), np.float64(0.7685837960796962))"
TeamA-2021,Transformer,0,8f006546e9,9512,48,6,0.7359203296703297,0.015616453382759294,0.005046257359125316,3.0946605120168,0.03761358904446502,-6.49156392188365,0.5619536332946157,4,0.8695652173913043,27,0.09300411343574526,0.03177857508969759,0.0162900683131897,0.6458333333333334,0.04780876494023904,0.6666666666666666,"(np.float64(0.29998832134152864), np.float64(0.9032306674407831))"
TeamB-2020,AthleteRate,6,39b560e891,7963,26,2,0.5391835706186217,0.003701594533029613,0.003265101092553058,1.1336845102505695,0.06815162721634402,-19.941121321326616,0.5,2,0.5476190476190477,23,0.17647058823529413,0.007375886524822695,0.003701594533029613,1.0,0.007375886524822695,1.0,"(np.float64(0.34237195288961925), 1.0)"
TeamA-2020,ProtoNet,42,21e171fc2d,8483,334,19,0.6102521304182651,0.10989903637374378,0.03937286337380644,2.791238100474456,0.21283010243236108,-4.627055562100029,0.468785931847498,10,0.6470588235294118,27,0.5619396165277831,0.11652435961828227,0.0700060350030175,0.3473053892215569,0.14107883817427386,0.5263157894736842,"(np.float64(0.31707482511825114), np.float64(0.7267049451255145))"
TeamB-2020,ProtoNet,3,9f439cd354,7841,16,2,0.7731309904153355,0.005148172876929386,0.0020405560515240405,2.5229264705002072,0.08891013423898186,-42.66061459180965,0.8130996689743246,2,0.5238095238095238,23,0.3169805335188375,0.01367053998632946,0.006910850034554251,0.625,0.01610305958132045,1.0,"(np.float64(0.34237195288961925), 1.0)"
TeamB-2020,ProtoNet,1,39b560e891,7963,26,2,0.9667622915071573,0.04815964087544068,0.003265101092553058,14.74981616504362,0.032559192511810754,-9.00454469487331,0.9960374937097792,2,0.7380952380952381,23,0.07575948054299635,0.036312849162011177,0.01849217638691323,1.0,0.1297709923664122,1.0,"(np.float64(0.34237195288961925), 1.0)"
TeamB-2020,LSTM,123,2460ca9502,8000,28,2,0.6955997777937066,0.16006004731882434,0.0035,45.73144209109267,0.013751173638108148,-2.9427062255345526,0.6680047297431715,2,0.7857142857142858,23,0.06288937479257584,0.016101207590569294,0.008182349503214495,0.5,0.2916666666666667,1.0,"(np.float64(0.34237195288961925), 1.0)"
TeamB-2020,AthleteRate,4,39b560e891,7960,26,2,0.5612553566927149,0.003897466646679658,0.0032663316582914573,1.1932244041373108,0.06417496222800746,-18.711796778742503,0.5,2,0.5714285714285714,23,0.16666666666666666,0.007764670748096163,0.003897466646679658,1.0,0.007764670748096163,1.0,"(np.float64(0.34237195288961925), 1.0)"
TeamB-2020,GAT,5,9f439cd354,7828,16,2,0.9936795954941117,0.185107032835636,0.002043944813490036,90.5636158148349,0.0685719032844282,-32.617516029437304,0.9908064485484116,2,0.9285714285714286,23,0.28010178248859147,0.021917808219178082,0.0110803324099723,1.0,0.3333333333333333,1.0,"(np.float64(0.34237195288961925), 1.0)"
TeamA-2021,Transformer,2,741ce6427f,9336,47,6,0.7885877370396922,0.02510381055664304,0.005034275921165381,4.986578199081265,0.023966660266871165,-3.784784526626302,0.5465365786815026,4,0.8152173913043478,27,0.04664897217470052,0.03185840707964602,0.016383495145631068,0.574468085106383,0.10218978102189781,0.6666666666666666,"(np.float64(0.29998832134152864), np.float64(0.9032306674407831))"
TeamA-2020,ProtoNet,4,bf43aa8c3c,7401,229,19,0.7448480505215577,0.06843399143476918,0.030941764626401837,2.2117029284223872,0.10093089226255375,-2.366116617044098,0.591883253879164,8,0.7171052631578948,27,0.3603378032551374,0.13817330210772832,0.07978363759296822,0.5152838427947598,0.13801169590643275,0.6842105263157895,"(np.float64(0.4601001017506463), np.float64(0.846358289955714))"
TeamA-2021,ProtoNet,2,741ce6427f,9336,47,6,0.7119768749584844,0.011548097661089074,0.005034275921165381,2.2938944630622893,0.16044284120883523,-31.031347525093302,0.5234076604251656,4,0.717391304347826,27,0.6215516153503865,0.01887905604719764,0.009708737864077669,0.3404255319148936,0.034653465346534656,0.6666666666666666,"(np.float64(0.29998832134152864), np.float64(0.9032306674407831))"
TeamB-2020,AthleteRate,42,9f439cd354,7854,16,2,0.5796759377392192,0.0025384737426622245,0.002037178507766743,1.2460732984293197,0.06573679462836575,-31.334420048783542,0.5,2,0.5952380952380952,23,0.18446601941747573,0.00506409241968666,0.0025384737426622245,1.0,0.00506409241968666,1.0,"(np.float64(0.34237195288961925), 1.0)"
TeamB-2020,XGBoost,123,2460ca9502,8000,28,2,0.825926456884811,0.012537867088363965,0.0035,3.582247739532561,0.013498577306713083,-2.870282361612235,0.6436858426005132,2,0.9285714285714286,23,0.03837599114520682,0.025798525798525797,0.013125,0.75,0.0273972602739726,1.0,"(np.float64(0.34237195288961925), 1.0)"
TeamA-2020,ProtoNet,5,19bb482a1d,8389,345,19,0.8515973738640378,0.17749349494599098,0.041125283108833,4.315921533628749,0.21665538664673964,-4.494127365303661,0.735175537061709,8,0.7960526315789473,27,0.7127752526482539,0.20577800304105423,0.1246928746928747,0.5884057971014492,0.28898426323319026,0.6842105263157895,"(np.float64(0.4601001017506463), np.float64(0.846358289955714))"
TeamA-2021,ProtoNet,3,29dc60eb8a,9331,47,6,0.5131179700605938,0.004948122201775606,0.00503697352909656,0.9823601758461314,0.25407060414080207,-49.69648038798422,0.5052428213518223,3,0.5,27,0.6110944712863249,0.004722550177095631,0.0024286581663630845,0.0851063829787234,0.012123096052222568,0.3333333333333333,"(np.float64(0.09676933255921683), np.float64(0.7000116786584712))"
TeamA-2021,Transformer,3,29dc60eb8a,9331,47,6,0.8032464913326062,0.015334559941200865,0.00503697352909656,3.044399549177559,0.04239335701095432,-7.459042318392758,0.5817769470958932,3,0.8888888888888888,27,0.22567488691386053,0.030696576151121605,0.015786278081360048,0.5531914893617021,0.04522613065326633,0.6666666666666666,"(np.float64(0.29998832134152864), np.float64(0.9032306674407831))"
TeamB-2020,GAT,4,39b560e891,7960,26,2,0.8715557192996064,0.03945379236667303,0.0032663316582914573,12.078930278412203,0.04061705398822933,-11.475817455452638,0.9368215547562057,2,0.7380952380952381,23,0.22646372020244598,0.022172949002217297,0.011303692539562924,0.5769230769230769,0.15,1.0,"(np.float64(0.34237195288961925), 1.0)"
TeamB-2020,AthleteRate,5,9f439cd354,7828,16,2,0.39012896825396826,0.0017450661920363445,0.002043944813490036,0.8537736344537814,0.0647505764990409,-30.744102746323016,0.5,2,0.35714285714285715,23,0.18446601941747573,0.0030170968823332216,0.0015126050420168067,0.5625,0.0030170968823332216,0.5,"(np.float64(0.09452865480086614), np.float64(0.9054713451991339))"
TeamB-2020,ProtoNet,0,2460ca9502,8000,28,2,0.8932872195541539,0.050599378169648365,0.0035,14.456965191328104,0.13248307664054368,-36.98525600761051,0.7574719746553404,2,0.7619047619047619,23,0.4126256942749034,0.02702702702702703,0.01375,0.7857142857142857,0.08056872037914692,1.0,"(np.float64(0.34237195288961925), 1.0)"
TeamB-2020,XGBoost,4,39b560e891,7960,26,2,0.6321576079579609,0.004647988023998708,0.0032663316582914573,1.4229994104242198,0.013102599558441529,-3.0245567866734646,0.51843001413802,2,0.6428571428571429,23,0.04690525082049676,0.011825572801182557,0.006028636021100226,0.3076923076923077,0.008048289738430584,1.0,"(np.float64(0.34237195288961925), 1.0)"
TeamA-2020,ProtoNet,2026,39765725ae,8340,290,19,0.7844975369458129,0.16012384537885643,0.03477218225419664,4.6049409326195265,0.13600712619776875,-3.0522841152116182,0.5060959645249713,10,0.8470588235294118,27,0.514332415675624,0.14107883817427386,0.08302808302808302,0.4689655172413793,0.2230869001297017,0.5789473684210527,"(np.float64(0.36275551465160105), np.float64(0.7685837960796962))"
TeamA-2020,GAT,6,54e7d2f18e,8442,318,19,0.7837382598032385,0.10608834329995262,0.037668798862828715,2.8163452645855345,0.05226934718647614,-0.4419185765218405,0.7062117449031635,11,0.8068181818181818,27,0.19041270132248217,0.17610710607621008,0.10529556650246305,0.5377358490566038,0.1837270341207349,0.7894736842105263,"(np.float64(0.5666528575973392), np.float64(0.9149246150840843))"
TeamA-2021,DANN,5,c8c09845d4,9466,42,6,0.8303723017220471,0.02465010312105954,0.004436932178322417,5.555663717713086,0.04621046779299605,-9.461375655429874,0.698287804917136,4,0.6304347826086956,27,0.23133127391338348,0.03596660244059088,0.018481848184818482,0.6666666666666666,0.07952286282306163,0.6666666666666666,"(np.float64(0.29998832134152864), np.float64(0.9032306674407831))"
TeamA-2020,Transformer,4,bf43aa8c3c,7401,229,19,0.8035680362983655,0.11389853798564617,0.030941764626401837,3.681061483108154,0.037683607319270326,-0.2567749471350105,0.6442858085306822,8,0.7763157894736843,27,0.024001790350427894,0.15456674473067916,0.08924949290060852,0.5764192139737991,0.14081145584725538,0.7368421052631579,"(np.float64(0.5120803155892935), np.float64(0.8819376166045982))"
TeamB-2020,LSTM,2,2460ca9502,8000,28,2,0.8449976704178912,0.16685905051699845,0.0035,47.67401443342813,0.007430033348688613,-1.1303228008568866,0.8638582469612269,2,0.8571428571428572,23,0.07592219114303589,0.017222820236813777,0.008743169398907104,0.5714285714285714,0.3111111111111111,1.0,"(np.float64(0.34237195288961925), 1.0)"
TeamB-2020,ours,42,9f439cd354,7854,16,2,0.8324030364889002,0.007737359119102635,0.002037178507766743,3.7980761575895063,0.04405777753570831,-20.671009262151294,0.7599255192230139,2,0.7380952380952381,23,0.20929233729839325,0.013651877133105802,0.006901311249137336,0.625,0.030107526881720432,1.0,"(np.float64(0.34237195288961925), 1.0)"
TeamA-2020,LSTM,2026,39765725ae,8340,290,19,0.7813461126579568,0.09268044198644407,0.03477218225419664,2.6653616764377364,0.040507208135361364,-0.20689790798026997,0.5640192744943501,10,0.8176470588235294,27,0.08073309283385917,0.1690871369294606,0.0995115995115995,0.5620689655172414,0.17569412835685025,0.6842105263157895,"(np.float64(0.4601001017506463), np.float64(0.846358289955714))"
TeamA-2020,LSTM,6,54e7d2f18e,8442,318,19,0.6611052661730596,0.10858669681160557,0.037668798862828715,2.882669479508095,0.04196864848541609,-0.15776027710355733,0.48474950463379174,11,0.9147727272727273,27,0.05583947911285441,0.10813594232749743,0.06465517241379311,0.330188679245283,0.14250614250614252,0.6842105263157895,"(np.float64(0.4601001017506463), np.float64(0.846358289955714))"
TeamA-2021,GAT,1,ba4234893b,9493,48,6,0.4907071642844538,0.0049235381459857425,0.005056357315916991,0.9737322420800553,0.04687719182440535,-8.318056715683644,0.2981005274351937,3,0.7083333333333333,27,0.2718319788921711,0.0037641154328732747,0.0019404915912031048,0.0625,0.011302795954788817,0.16666666666666666,"(np.float64(0.03005258587173032), np.float64(0.563509436563646))"
TeamA-2021,ours,2,741ce6427f,9336,47,6,0.520320305646349,0.006179240658893879,0.005034275921165381,1.2274338466262393,0.19374981290905427,-37.68086318749364,0.32591088683485464,4,0.5326086956521738,27,0.5419894456863403,0.01415929203539823,0.007281553398058253,0.2553191489361702,0.020764119601328904,0.5,"(np.float64(0.18761280689940868), np.float64(0.8123871931005913))"
TeamA-2021,ours,3,29dc60eb8a,9331,47,6,0.5089630295085574,0.004785826614625303,0.00503697352909656,0.9501393221503979,0.20373765194355464,-39.65319524460341,0.6542158226780914,3,0.3888888888888889,27,0.5036113858222961,0.0,0.0,0.0,0.013468013468013467,0.0,"(0.0, np.float64(0.3903430336530645))"
TeamA-2021,GAT,0,8f006546e9,9512,48,6,0.601630741053818,0.006626293012407286,0.005046257359125316,1.3131103986253772,0.05494625980349554,-9.943742090117997,0.4982215029997505,4,0.6086956521739131,27,0.2772215664386749,0.014351614556637622,0.007356805044666317,0.2916666666666667,0.017377138202552267,0.5,"(np.float64(0.18761280689940868), np.float64(0.8123871931005913))"
TeamA-2020,XGBoost,123,212169e9ea,8385,331,19,0.7091124711820589,0.08384353747032676,0.0394752534287418,2.123951848002084,0.05445884388378268,-0.43626617350289876,0.4367510820393395,10,0.9470588235294117,27,0.04065995940966852,0.11548288196218702,0.06949569495694957,0.3413897280966767,0.13504823151125403,0.7368421052631579,"(np.float64(0.5120803155892935), np.float64(0.8819376166045982))"
TeamB-2020,LSTM,3,9f439cd354,7841,16,2,0.7779313099041534,0.17737752659137312,0.0020405560515240405,86.92607412518478,0.012208093197300788,-4.994961727934813,0.6487305081328135,2,0.8333333333333334,23,0.11830214411020279,0.011857707509881422,0.005992010652463382,0.5625,0.3333333333333333,0.5,"(np.float64(0.09452865480086614), np.float64(0.9054713451991339))"
TeamA-2020,Transformer,5,19bb482a1d,8389,345,19,0.6991319481979548,0.09220641812336114,0.041125283108833,2.242085917788048,0.05856411787553612,-0.48511757600324734,0.6833174475437002,8,0.7105263157894737,27,0.07147050426522297,0.12265585402939685,0.07432432432432433,0.3507246376811594,0.12877082395317424,0.47368421052631576,"(np.float64(0.27329505487448547), np.float64(0.6829251748817489))"
TeamA-2021,DANN,4,c693b02b5c,9507,43,6,0.7365708977963003,0.01421249770406785,0.004522983065109919,3.1422840854086758,0.06438828478628432,-13.300481380764035,0.5354747654624531,3,0.9166666666666666,27,0.33064764738082886,0.024678663239074552,0.012618296529968454,0.5581395348837209,0.04411764705882353,0.6666666666666666,"(np.float64(0.29998832134152864), np.float64(0.9032306674407831))"
TeamB-2020,XGBoost,5,9f439cd354,7828,16,2,0.8468942012288787,0.017057374907923528,0.002043944813490036,8.345320673701586,0.012221555042790159,-4.991642391074612,0.7499418129654962,2,0.7619047619047619,23,0.04141950695091231,0.01643835616438356,0.008310249307479225,0.75,0.0967741935483871,1.0,"(np.float64(0.34237195288961925), 1.0)"
TeamA-2021,AthleteRate,2026,901a6de8d2,9372,48,6,0.5495026276276276,0.01987474975488826,0.005121638924455826,3.880544889641933,0.09431485723451281,-17.509776265643712,0.5,4,0.657608695652174,27,0.2,0.007118311242022582,0.003580246913580247,0.6041666666666666,0.06984126984126984,0.6666666666666666,"(np.float64(0.29998832134152864), np.float64(0.9032306674407831))"
TeamA-2021,DANN,6,4f5e1170a2,9507,43,6,0.793240971908235,0.024064286954298388,0.004522983065109919,5.320445955221274,0.05972137425690918,-12.263971907766903,0.6154838855246676,4,0.8152173913043479,27,0.24046362936496735,0.031876606683804626,0.01629863301787592,0.7209302325581395,0.0735632183908046,0.8333333333333334,"(np.float64(0.43649056343635395), np.float64(0.9699474141282697))"
TeamA-2020,GAT,5,19bb482a1d,8389,345,19,0.7211261972196398,0.0990626072043261,0.041125283108833,2.408800614020555,0.05308757177195301,-0.346238768138186,0.678555386601435,8,0.6710526315789473,27,0.2036593431857095,0.15914850481500253,0.09643734643734644,0.45507246376811594,0.17543859649122806,0.6842105263157895,"(np.float64(0.4601001017506463), np.float64(0.846358289955714))"
TeamB-2020,LSTM,1,39b560e891,7963,26,2,0.8432463341119005,0.025946624214145137,0.003265101092553058,7.946652639124528,0.0075330215089040985,-1.3146904010575446,0.7733982901249523,2,0.7619047619047619,23,0.03608417510986328,0.02089735709895513,0.010618363522798251,0.6538461538461539,0.10232558139534884,0.5,"(np.float64(0.09452865480086614), np.float64(0.9054713451991339))"
TeamA-2020,LSTM,5,19bb482a1d,8389,345,19,0.7398799357158815,0.11968319162514203,0.041125283108833,2.9102095494009173,0.044158128322571974,-0.11979851954114462,0.47807648142649817,8,0.7171052631578947,27,0.0299451086781363,0.12671059300557527,0.07678132678132678,0.36231884057971014,0.1828410689170183,0.5263157894736842,"(np.float64(0.31707482511825114), np.float64(0.7267049451255145))"
TeamA-2021,ours,2026,901a6de8d2,9372,48,6,0.64638299013299,0.019285053437046274,0.005121638924455826,3.765406683583285,0.20019785558028214,-38.28985977722153,0.5001469316954621,4,0.6739130434782609,27,0.6594642996788025,0.026001040041601663,0.013333333333333334,0.5208333333333334,0.05925925925925926,0.6666666666666666,"(np.float64(0.29998832134152864), np.float64(0.9032306674407831))"
TeamA-2021,GAT,2,741ce6427f,9336,47,6,0.5933442209156106,0.006507903151946527,0.005034275921165381,1.2927188048206975,0.0736868350372768,-13.711087159264657,0.45838710164165186,4,0.6195652173913043,27,0.35996496326783123,0.010619469026548672,0.0054611650485436895,0.19148936170212766,0.01749271137026239,0.5,"(np.float64(0.18761280689940868), np.float64(0.8123871931005913))"
TeamA-2021,ours,1,ba4234893b,9493,48,6,0.38199664725604376,0.003757980656156911,0.005056357315916991,0.7432189660186991,0.1969546521774331,-38.14984127636246,0.6741553923072862,3,0.20833333333333334,27,0.5709587931632996,0.0012547051442910915,0.000646830530401035,0.020833333333333332,0.010668748373666407,0.16666666666666666,"(np.float64(0.03005258587173032), np.float64(0.563509436563646))"
TeamA-2021,ours,0,8f006546e9,9512,48,6,0.5012679628064244,0.005294655191962427,0.005046257359125316,1.0492241705405543,0.2534530341964522,-49.48068145354223,0.37097488457449407,4,0.44565217391304346,27,0.7500990629196167,0.010251153254741158,0.005254860746190226,0.20833333333333334,0.01461038961038961,0.16666666666666666,"(np.float64(0.03005258587173032), np.float64(0.563509436563646))"
TeamA-2021,GAT,3,29dc60eb8a,9331,47,6,0.56546151237086,0.0065366552279538396,0.00503697352909656,1.2977346794050484,0.0598498251018889,-10.9422531967559,0.39863937949973405,3,0.6527777777777778,27,0.3084447664373061,0.015348288075560802,0.007893139040680024,0.2765957446808511,0.017328519855595668,0.5,"(np.float64(0.18761280689940868), np.float64(0.8123871931005913))"
TeamA-2020,ours,42,21e171fc2d,8483,334,19,0.7184206871567945,0.07650682174413016,0.03937286337380644,1.9431358348965753,0.1484067368754397,-2.923753945725118,0.43469239577818497,10,0.7411764705882353,27,0.5572389960289001,0.12556504269211452,0.07543753771876886,0.37425149700598803,0.14153846153846153,0.47368421052631576,"(np.float64(0.27329505487448547), np.float64(0.6829251748817489))"
TeamA-2020,LSTM,4,bf43aa8c3c,7401,229,19,0.6850534100346568,0.09674639255986325,0.030941764626401837,3.126725115002393,0.03617271690768777,-0.20638568368006416,0.42119695133822005,8,0.7105263157894737,27,0.016353413897089594,0.11241217798594848,0.06490872210953347,0.4192139737991266,0.12440191387559808,0.5789473684210527,"(np.float64(0.36275551465160105), np.float64(0.7685837960796962))"
TeamA-2020,Transformer,6,54e7d2f18e,8442,318,19,0.7977041780081691,0.11599359164668083,0.037668798862828715,3.0793015744694325,0.04199024136907741,-0.1583559451527652,0.6884290788309326,11,0.9034090909090909,27,0.06269561585325463,0.22245108135942326,0.1330049261083744,0.6792452830188679,0.22043281328636136,0.7894736842105263,"(np.float64(0.5666528575973392), np.float64(0.9149246150840843))"
TeamB-2020,LSTM,0,2460ca9502,8000,28,2,0.8902990825030463,0.14596921479338784,0.0035,41.70548994096795,0.007953951208315466,-1.2805393759058017,0.8688422573457734,2,0.8333333333333334,23,0.047562215477228165,0.029055690072639227,0.014778325123152709,0.8571428571428571,0.2916666666666667,1.0,"(np.float64(0.34237195288961925), 1.0)"
TeamB-2020,ours,123,2460ca9502,8000,28,2,0.8154970969822952,0.018473496882206702,0.0035,5.278141966344772,0.20033548444806215,-56.4397489636763,0.599493703622655,2,0.7619047619047619,23,0.6512582302093506,0.022113022113022112,0.01125,0.6428571428571429,0.057007125890736345,0.5,"(np.float64(0.09452865480086614), np.float64(0.9054713451991339))"
TeamA-2020,GAT,4,bf43aa8c3c,7401,229,19,0.5892149114581938,0.09758831996803334,0.030941764626401837,3.153935179403558,0.0409276782262344,-0.36496700550297634,0.5743511915199149,8,0.611842105263158,27,0.1650376804472614,0.07611241217798595,0.04394861392832995,0.2838427947598253,0.13533834586466165,0.5789473684210527,"(np.float64(0.36275551465160105), np.float64(0.7685837960796962))"
TeamB-2020,ProtoNet,42,9f439cd354,7854,16,2,0.9227082801735137,0.07328085484052639,0.002037178507766743,35.9717396198434,0.06791385288503851,-32.40526502289419,0.7828914756687728,2,0.8095238095238095,23,0.12663359303497562,0.017747440273037544,0.008971704623878536,0.8125,0.0743801652892562,1.0,"(np.float64(0.34237195288961925), 1.0)"
TeamB-2020,XGBoost,6,39b560e891,7963,26,2,0.5946055959915101,0.0038919676514556807,0.003265101092553058,1.191989938790061,0.012920942615315508,-2.970250424605143,0.4527860685920289,2,0.7380952380952381,23,0.044885092965712414,0.00558659217877095,0.002844950213371266,0.15384615384615385,0.005741626794258373,0.5,"(np.float64(0.09452865480086614), np.float64(0.9054713451991339))"
TeamA-2020,DANN,2026,39765725ae,8340,290,19,0.6881107303491111,0.061439470558222124,0.03477218225419664,1.7669144291571466,0.05580778211149726,-0.6627730860717322,0.5534460521764113,10,0.8470588235294116,27,0.02580135501921177,0.1037344398340249,0.06105006105006105,0.3448275862068966,0.09353846153846154,0.6842105263157895,"(np.float64(0.4601001017506463), np.float64(0.846358289955714))"
TeamB-2020,XGBoost,2,2460ca9502,8000,28,2,0.8462027811626407,0.015017230175546367,0.0035,4.290637193013247,0.01507360857895942,-3.321871859783358,0.6660215698171763,2,0.9285714285714286,23,0.039047173341958556,0.026442307692307692,0.013447432762836185,0.7857142857142857,0.05263157894736842,1.0,"(np.float64(0.34237195288961925), 1.0)"
TeamA-2021,DANN,3,29dc60eb8a,9331,47,6,0.7140218357824488,0.011341693585675494,0.00503697352909656,2.2516881457008093,0.054916237134563964,-9.957819966183212,0.4610846246513696,3,0.875,27,0.28608670830726624,0.01770956316410862,0.009107468123861567,0.3191489361702128,0.042884990253411304,0.5,"(np.float64(0.18761280689940868), np.float64(0.8123871931005913))"
TeamA-2020,GAT,0,4cdd86346e,8491,336,19,0.683018561501854,0.08471872336890554,0.03957131079967024,2.140912738468384,0.050337898012886406,-0.3244925368619931,0.6511409746532903,9,0.6851851851851851,27,0.1801880335403701,0.1325240263024785,0.07982937233394272,0.3898809523809524,0.13319878910191726,0.7368421052631579,"(np.float64(0.5120803155892935), np.float64(0.8819376166045982))"
TeamA-2021,ours,42,22d80f93c7,9350,47,6,0.6665751839374624,0.02515809840870758,0.005026737967914439,5.004855747264167,0.18974168936660782,-36.93718530204687,0.4252501511893249,4,0.782608695652174,27,0.5904508233070374,0.016456390565002744,0.008445945945945946,0.3191489361702128,0.04032258064516129,0.5,"(np.float64(0.18761280689940868), np.float64(0.8123871931005913))"
TeamB-2020,LSTM,4,39b560e891,7960,26,2,0.6159227084989625,0.004806844263819343,0.0032663316582914573,1.471633859230845,0.006853111640506391,-1.1049820563936605,0.7028373222430194,2,0.5952380952380952,23,0.0756046324968338,0.004405286343612335,0.002245508982035928,0.11538461538461539,0.022727272727272728,0.5,"(np.float64(0.09452865480086614), np.float64(0.9054713451991339))"
TeamA-2020,Transformer,2,95939cfe81,8607,317,19,0.7581411985859593,0.09671023145956802,0.036830486813059136,2.625820069944801,0.04210578925877263,-0.18694781588141773,0.6489785397828285,10,0.8294117647058824,27,0.06839740901750369,0.1574167507568113,0.0936936936936937,0.4921135646687697,0.1582440020418581,0.5789473684210527,"(np.float64(0.36275551465160105), np.float64(0.7685837960796962))"
TeamA-2021,Transformer,123,df845c5edf,9374,48,6,0.7067941775680893,0.009578290734965843,0.00512054619159377,1.8705603614493713,0.0323673328853942,-5.353604309091255,0.42023372867240205,4,0.9456521739130436,27,0.08650064617395406,0.03016120644825793,0.015466666666666667,0.6041666666666666,0.03198031980319803,0.6666666666666666,"(np.float64(0.29998832134152864), np.float64(0.9032306674407831))"
TeamA-2020,LSTM,0,4cdd86346e,8491,336,19,0.7295759612858018,0.07202412181861699,0.03957131079967024,1.8201095784579668,0.04917456487163998,-0.29388287447460737,0.44237557402979083,9,0.8950617283950617,27,0.028370251847525774,0.1193727870510875,0.07190737355271176,0.35119047619047616,0.1078167115902965,0.5789473684210527,"(np.float64(0.36275551465160105), np.float64(0.7685837960796962))"
TeamA-2021,ours,4,c693b02b5c,9507,43,6,0.5794086280445852,0.0059814740027639415,0.004522983065109919,1.3224621707971347,0.19842731895171772,-43.070224723681704,0.6871285335041754,3,0.5,27,0.6256902813911438,0.014395886889460155,0.007360672975814932,0.32558139534883723,0.0227088402270884,0.3333333333333333,"(np.float64(0.09676933255921683), np.float64(0.7000116786584712))"
TeamB-2020,DANN,123,2460ca9502,8000,28,2,0.8791305282775428,0.02066557019762756,0.0035,5.904448627893589,0.03973282967363903,-10.392109432625332,0.5396457914735313,2,0.9761904761904762,23,0.2455400675535202,0.028255528255528257,0.014375,0.8214285714285714,0.0664819944598338,1.0,"(np.float64(0.34237195288961925), 1.0)"
TeamA-2021,ours,5,c8c09845d4,9466,42,6,0.8125631619371009,0.021166586934337556,0.004436932178322417,4.7705455219152215,0.1566201372234487,-34.4565138366292,0.7295046271987319,4,0.7173913043478262,27,0.4455227553844452,0.030828516377649325,0.015841584158415842,0.5714285714285714,0.06451612903225806,0.6666666666666666,"(np.float64(0.29998832134152864), np.float64(0.9032306674407831))"
TeamA-2020,LSTM,1,37539b3349,6984,204,19,0.796578387992365,0.15026995090389236,0.029209621993127148,5.144535966239139,0.04792808780169687,-0.6902023542469524,0.6197256751452995,10,0.8294117647058823,27,0.0742401943335417,0.13266583229036297,0.07604017216642754,0.5196078431372549,0.23972602739726026,0.631578947368421,"(np.float64(0.4103915749815672), np.float64(0.8085072762372616))"
TeamA-2021,GAT,6,4f5e1170a2,9507,43,6,0.728420059368181,0.008994454003521259,0.004522983065109919,1.9886110281738747,0.07335525375378263,-15.292023369919711,0.5935633248008041,4,0.5760869565217392,27,0.3321049988269806,0.02262210796915167,0.011566771819137749,0.5116279069767442,0.023968042609853527,0.6666666666666666,"(np.float64(0.29998832134152864), np.float64(0.9032306674407831))"
TeamA-2020,Transformer,3,aadbd4839a,8442,322,19,0.7375772572897225,0.11604952788397273,0.03814262023217247,3.0425158832189374,0.052670169153423374,-0.4356332485537575,0.7273780615656728,8,0.6842105263157895,27,0.10745218545198441,0.15017404276479362,0.08940201302545885,0.468944099378882,0.16551724137931034,0.6842105263157895,"(np.float64(0.4601001017506463), np.float64(0.846358289955714))"
TeamB-2020,LSTM,5,9f439cd354,7828,16,2,0.8499183947772658,0.06598276959930552,0.002043944813490036,32.282070026460225,0.008199917791774711,-3.02002649192404,0.6623465762273901,2,1.0,23,0.04750484228134155,0.012300123001230012,0.006211180124223602,0.625,0.2222222222222222,1.0,"(np.float64(0.34237195288961925), 1.0)"
TeamA-2020,GAT,1,37539b3349,6984,204,19,0.7002555815836659,0.11099772931736507,0.029209621993127148,3.8000399095709687,0.055243983553338434,-0.9482002170870396,0.6348120075443744,10,0.7529411764705882,27,0.24915861325544186,0.1376720901126408,0.07890961262553801,0.5392156862745098,0.19471153846153846,0.7368421052631579,"(np.float64(0.5120803155892935), np.float64(0.8819376166045982))"
TeamA-2021,DANN,2,741ce6427f,9336,47,6,0.64817915493732,0.008338224753457423,0.005034275921165381,1.6562907723037978,0.11007320712989214,-20.975384655460672,0.3853665808909333,4,0.7065217391304348,27,0.3393392860889435,0.015339233038348082,0.007888349514563107,0.2765957446808511,0.014876394661999562,0.6666666666666666,"(np.float64(0.29998832134152864), np.float64(0.9032306674407831))"
TeamB-2020,XGBoost,3,9f439cd354,7841,16,2,0.8537539936102236,0.010172046273676337,0.0020405560515240405,4.9849384269935095,0.01435669009551575,-6.05006148556167,0.715226550947708,2,0.7857142857142857,23,0.03955520992252208,0.017294626312538603,0.008733624454148471,0.875,0.03333333333333333,1.0,"(np.float64(0.34237195288961925), 1.0)"
TeamB-2020,XGBoost,1,39b560e891,7963,26,2,0.6057268295519525,0.004049029728075281,0.003265101092553058,1.2400932201793637,0.014493316249405527,-3.4533976124104804,0.475893477606814,2,0.6904761904761905,23,0.04970270196631154,0.00558659217877095,0.002844950213371266,0.15384615384615385,0.008307372793354102,0.5,"(np.float64(0.09452865480086614), np.float64(0.9054713451991339))"
TeamA-2020,GAT,3,aadbd4839a,8442,322,19,0.6850040540954013,0.07365281077756392,0.03814262023217247,1.93098456082048,0.04836880989251829,-0.3183908992660185,0.623559850279747,8,0.7236842105263158,27,0.17184606194496155,0.14015904572564614,0.0834319526627219,0.43788819875776397,0.1411764705882353,0.5789473684210527,"(np.float64(0.36275551465160105), np.float64(0.7685837960796962))"
TeamA-2021,DANN,0,8f006546e9,9512,48,6,0.7516333826429981,0.021611514944777414,0.005046257359125316,4.282681878223391,0.058404778407117185,-10.632581253097795,0.5136562056193629,4,0.7934782608695652,27,0.22580395638942719,0.03485392106611994,0.01786652653704677,0.7083333333333334,0.08,0.8333333333333334,"(np.float64(0.43649056343635395), np.float64(0.9699474141282697))"
TeamA-2020,Transformer,1,37539b3349,6984,204,19,0.8120448695702469,0.14189607413784078,0.029209621993127148,4.8578538322484315,0.03918335886595885,-0.3818161424792348,0.6700579101136533,10,0.8176470588235295,27,0.12437944528632612,0.17271589486858574,0.09899569583931134,0.6764705882352942,0.19286403085824494,0.8421052631578947,"(np.float64(0.6243407235682331), np.float64(0.9447962896007217))"
TeamA-2021,GAT,2026,901a6de8d2,9372,48,6,0.5227280852280853,0.005698640058720257,0.005121638924455826,1.1126594714651303,0.058099663975447864,-10.402358152550883,0.4524356568204802,4,0.5760869565217391,27,0.2720408082008362,0.011440457618304731,0.005866666666666667,0.22916666666666666,0.01675977653631285,0.6666666666666666,"(np.float64(0.29998832134152864), np.float64(0.9032306674407831))"
TeamA-2021,GAT,4,c693b02b5c,9507,43,6,0.6768070927283808,0.007519232571305367,0.004522983065109919,1.6624498617534915,0.050986270833712106,-10.323926691822795,0.5059573949951193,3,0.6944444444444444,27,0.2866644084453583,0.018508997429305913,0.00946372239747634,0.4186046511627907,0.02104340201665936,0.6666666666666666,"(np.float64(0.29998832134152864), np.float64(0.9032306674407831))"
TeamA-2020,LSTM,3,aadbd4839a,8442,322,19,0.7430414894593519,0.1027679671801298,0.03814262023217247,2.694308009113838,0.04392020084756536,-0.19713495577079443,0.5227625891259712,8,0.7631578947368421,27,0.04147419780492784,0.14022874191944307,0.08348134991119005,0.43788819875776397,0.17110799438990182,0.5263157894736842,"(np.float64(0.31707482511825114), np.float64(0.7267049451255145))"
TeamA-2021,ours,6,4f5e1170a2,9507,43,6,0.49264532426428664,0.00421901977077529,0.004522983065109919,0.9327958362967601,0.24642055843572297,-53.729406435410795,0.4385476892620454,4,0.45652173913043476,27,0.6845660209655762,0.0,0.0,0.0,0.01223922114047288,0.0,"(0.0, np.float64(0.3903430336530645))"
TeamA-2020,LSTM,2,95939cfe81,8607,317,19,0.6889266456869094,0.09602284192643948,0.036830486813059136,2.6071564683308033,0.04293412791303247,-0.21029839958479823,0.49664810108695784,10,0.8411764705882353,27,0.04133440518792528,0.12209889001009082,0.07267267267267268,0.38170347003154576,0.1505016722408027,0.5789473684210527,"(np.float64(0.36275551465160105), np.float64(0.7685837960796962))"
TeamA-2021,GAT,5,c8c09845d4,9466,42,6,0.6771237569730778,0.006520610344015255,0.004436932178322417,1.4696213694392477,0.04305566141198933,-8.747173522274649,0.519200306818507,4,0.5434782608695652,27,0.2688628554344177,0.014129736673089274,0.007260726072607261,0.2619047619047619,0.017206248585012452,0.5,"(np.float64(0.18761280689940868), np.float64(0.8123871931005913))"
TeamB-2020,LSTM,6,39b560e891,7963,26,2,0.6207344375417955,0.005161389802707473,0.003265101092553058,1.5807748845753695,0.011188979520312153,-2.4380657831234274,0.5605378837700322,2,0.6190476190476191,23,0.06161502003669739,0.007371007371007371,0.003745318352059925,0.23076923076923078,0.0158311345646438,0.5,"(np.float64(0.09452865480086614), np.float64(0.9054713451991339))"
TeamA-2020,Transformer,0,4cdd86346e,8491,336,19,0.7679609719424251,0.10406004678769783,0.03957131079967024,2.6296840990307806,0.04287246440961386,-0.12806178622870412,0.6188538752775157,9,0.9074074074074074,27,0.02688548252996748,0.12544258978249873,0.07556368068251067,0.36904761904761907,0.11993517017828201,0.5789473684210527,"(np.float64(0.36275551465160105), np.float64(0.7685837960796962))"
TeamA-2021,DANN,1,ba4234893b,9493,48,6,0.7084943532733369,0.009814502395964392,0.005056357315916991,1.9410223176018746,0.08628516681429167,-16.151413017859298,0.6364067790648563,3,0.6666666666666666,27,0.46337226033210754,0.020075282308657464,0.01034928848641656,0.3333333333333333,0.024886877828054297,0.5,"(np.float64(0.18761280689940868), np.float64(0.8123871931005913))"
TeamA-2020,GAT,2,95939cfe81,8607,317,19,0.6986278173315118,0.07419722728724015,0.036830486813059136,2.0145600481428265,0.054920763351776605,-0.5481975579723799,0.7218488744753744,10,0.6529411764705882,27,0.24593199234809313,0.12209889001009082,0.07267267267267268,0.38170347003154576,0.1253291205897841,0.5789473684210527,"(np.float64(0.36275551465160105), np.float64(0.7685837960796962))"
TeamB-2020,XGBoost,0,2460ca9502,8000,28,2,0.8218900078847394,0.01646792496644933,0.0035,4.705121418985522,0.015459374706010429,-3.4324778742772315,0.7061827341993754,2,0.8809523809523809,23,0.04320147387375223,0.021691973969631236,0.011013215859030838,0.7142857142857143,0.06060606060606061,1.0,"(np.float64(0.34237195288961925), 1.0)"
