cohort,target,method,seed,n_folds,n_te,n_pos,n_events,n_athletes,auc,ap,auc_within_athlete,n_athletes_with_both,auc_between_athlete,f1_calibrated,event_detection_rate
soccermon,TeamA-2020,GAT,2026,5,9531,427,28,27,0.6973801052012034,0.10012264183319798,0.706963364190896,11,0.7045454545454545,0.18932874354561102,0.6785714285714286
soccermon,TeamB-2020,DANN,42,3,5295,35,3,15,0.7627702335687127,0.03653078733418718,0.7040096549167333,3,0.7777777777777777,0.04664723032069971,1.0
soccermon,TeamA-2020,AthleteRate,123,5,9531,427,28,27,0.39039714894860533,0.04005672105742859,0.5,11,0.49999999999999994,0.01718473591104372,0.14285714285714285
soccermon,TeamA-2021,ours,42,4,8234,62,8,23,0.6711252427644356,0.011601589881383687,0.5681919657021562,4,0.6710526315789473,0.021804966686856452,0.5
soccermon,TeamA-2020,XGBoost,42,5,9531,427,28,27,0.6974176623601124,0.0964400081280739,0.5746987414906439,11,0.8181818181818181,0.15470562956596476,0.5357142857142857
soccermon,TeamB-2020,ProtoNet,2026,3,5295,35,3,15,0.8793481803367735,0.04499673788706286,0.8828064493983631,3,0.8333333333333334,0.04187604690117253,1.0
soccermon,TeamA-2021,AthleteRate,2026,4,8234,62,8,23,0.4187429933841757,0.006386663791756019,0.5,4,0.5065789473684211,0.006334841628959276,0.125
soccermon,TeamA-2020,ours,42,5,9531,427,28,27,0.75204866584624,0.11179234369899413,0.5417845727641225,11,0.8238636363636364,0.16931671680275032,0.6071428571428571
soccermon,TeamA-2020,DANN,2026,5,9531,427,28,27,0.6359792952013269,0.0776596856305276,0.5724934196239021,11,0.8068181818181819,0.1316695352839931,0.5
soccermon,TeamA-2020,Transformer,2026,5,9531,427,28,27,0.6850901680502793,0.06798020806416208,0.6448401497525424,11,0.6931818181818181,0.11703958691910499,0.42857142857142855
soccermon,TeamA-2021,DANN,123,4,8234,62,8,23,0.768977073563545,0.04089284923697649,0.5678929509504133,4,0.763157894736842,0.04659498207885305,0.625
soccermon,TeamA-2020,ProtoNet,2026,5,9531,427,28,27,0.7848337504064404,0.14445962431653123,0.5991806304548286,11,0.8181818181818181,0.19104991394148021,0.6428571428571429
soccermon,TeamB-2020,GAT,42,3,5295,35,3,15,0.9058500814774579,0.23298442862009544,0.9544520497537371,3,0.861111111111111,0.05053449951409135,1.0
soccermon,TeamA-2020,ours,2026,5,9531,427,28,27,0.7704947615480546,0.1591500021187235,0.586622675110713,11,0.8465909090909091,0.1368330464716007,0.5357142857142857
soccermon,TeamA-2021,XGBoost,42,4,8234,62,8,23,0.6631929641734957,0.014071790077233842,0.5702339048833167,4,0.6842105263157895,0.03270745003028468,0.625
soccermon,TeamB-2020,GAT,123,3,5295,35,3,15,0.7806029331884845,0.050706366714526135,0.7401680632359615,3,0.8333333333333333,0.04364326375711575,1.0
soccermon,TeamA-2021,AthleteRate,123,4,8234,62,8,23,0.4261621113795336,0.006460250624218325,0.5,4,0.5197368421052632,0.00755939524838013,0.125
soccermon,TeamA-2020,GAT,42,5,9531,427,28,27,0.6053326535316077,0.07251950736288104,0.6109575719269554,11,0.6818181818181818,0.12720240653201548,0.6071428571428571
soccermon,TeamA-2020,LSTM,123,5,9531,427,28,27,0.5426390798187378,0.04963061686506842,0.5159827687104612,11,0.6875,0.08082545141874463,0.35714285714285715
soccermon,TeamA-2020,ProtoNet,42,5,9531,427,28,27,0.7777714610866675,0.11018570790877373,0.7300052375368528,11,0.9034090909090909,0.20885259991405242,0.6428571428571429
soccermon,TeamB-2020,Transformer,123,3,5295,35,3,15,0.7595219989136338,0.1555319645431739,0.777787277786332,3,0.7500000000000001,0.04364326375711575,0.6666666666666666
soccermon,TeamA-2020,ours,123,5,9531,427,28,27,0.7739941369673571,0.11039468673407185,0.6366587521694674,11,0.7954545454545454,0.19260533104041272,0.6071428571428571
soccermon,TeamB-2020,DANN,123,3,5295,35,3,15,0.7765290602933188,0.03257159819104545,0.7746848562778806,3,0.6388888888888888,0.040208488458674606,0.6666666666666666
soccermon,TeamA-2021,XGBoost,123,4,8234,62,8,23,0.7527236985457818,0.017311975011725607,0.5931879671222278,4,0.7894736842105263,0.02986857825567503,0.75
soccermon,TeamA-2020,LSTM,2026,5,9531,427,28,27,0.7166357377460766,0.0859787069638373,0.555694174666503,11,0.8295454545454546,0.1144578313253012,0.5
soccermon,TeamB-2020,LSTM,2026,3,5295,35,3,15,0.8323139598044541,0.14990986653806007,0.8512003761186938,3,0.7222222222222222,0.033630069238377844,0.6666666666666666
soccermon,TeamA-2021,GAT,2026,4,8234,62,8,23,0.5030315949031311,0.007958427235495414,0.4223811852499306,4,0.4868421052631579,0.012091898428053204,0.25
soccermon,TeamB-2020,AthleteRate,2026,3,5295,35,3,15,0.3849538294405214,0.005547012005935519,0.5,3,0.5,0.0077777777777777776,0.3333333333333333
soccermon,TeamB-2020,XGBoost,123,3,5295,35,3,15,0.6770994024986421,0.01001173185732569,0.6422328580409514,3,0.6666666666666667,0.01564945226917058,1.0
soccermon,TeamA-2021,ProtoNet,2026,4,8234,62,8,23,0.7321479323575388,0.014862209089276683,0.558413962397425,4,0.6842105263157895,0.036275695284159616,0.75
soccermon,TeamA-2021,LSTM,2026,4,8234,62,8,23,0.7926199611576904,0.01725136029044757,0.650156025761819,4,0.7236842105263158,0.03506650544135429,0.625
soccermon,TeamA-2020,DANN,123,5,9531,427,28,27,0.5807435185604393,0.06002903084374419,0.4637129365074004,11,0.8125,0.0885640584694755,0.35714285714285715
soccermon,TeamB-2020,ours,123,3,5295,35,3,15,0.7555621944595329,0.024495679914051202,0.8685120387765171,3,0.5,0.04933586337760911,0.6666666666666666
soccermon,TeamA-2020,AthleteRate,2026,5,9531,427,28,27,0.6130534793363598,0.06433075391039852,0.5,11,0.5113636363636364,0.1290545203588682,0.35714285714285715
soccermon,TeamB-2020,ours,2026,3,5295,35,3,15,0.8142694187941335,0.021154526892619596,0.8919124102724975,3,0.6666666666666667,0.03758654797230465,1.0
soccermon,TeamA-2021,Transformer,2026,4,8234,62,8,23,0.7942383907283723,0.03496943597830003,0.6338754211200751,4,0.6578947368421052,0.04836759371221282,0.75
soccermon,TeamA-2021,LSTM,123,4,8234,62,8,23,0.7586270190895742,0.021173205379424184,0.6635170016024217,4,0.6973684210526316,0.04540023894862605,0.625
soccermon,TeamA-2020,AthleteRate,42,5,9531,427,28,27,0.38522120652115754,0.03939344835588904,0.5,11,0.5056818181818182,0.02144542140253056,0.25
soccermon,TeamA-2021,ours,2026,4,8234,62,8,23,0.7901281717272197,0.04557785356126593,0.6532421608051343,4,0.7763157894736843,0.03506650544135429,0.75
soccermon,TeamB-2020,LSTM,42,3,5295,35,3,15,0.6685768604019554,0.1416318502732806,0.8158491861551799,3,0.5555555555555556,0.018168054504163512,0.6666666666666666
soccermon,TeamB-2020,GAT,2026,3,5295,35,3,15,0.9208582292232482,0.07018552161940529,0.9307539099589693,3,0.8888888888888888,0.057368941641938676,1.0
soccermon,TeamA-2021,ours,123,4,8234,62,8,23,0.597940647056037,0.010169132011382961,0.4936518909859451,4,0.5,0.027479091995221028,0.5
soccermon,TeamB-2020,DANN,2026,3,5295,35,3,15,0.626132536664856,0.01951726911173117,0.7187774969524013,3,0.6111111111111112,0.017804154302670624,0.3333333333333333
soccermon,TeamA-2021,DANN,2026,4,8234,62,8,23,0.8467347196564192,0.0299468765519069,0.6712261411686408,4,0.7763157894736842,0.05199516324062878,0.875
soccermon,TeamA-2020,XGBoost,123,5,9531,427,28,27,0.699625688890901,0.08634026224765345,0.6218264516783419,11,0.7727272727272727,0.1358555460017197,0.4642857142857143
soccermon,TeamA-2021,ProtoNet,42,4,8234,62,8,23,0.7712468223516965,0.020686971251833594,0.643499034778063,4,0.7894736842105263,0.03391883706844337,0.625
soccermon,TeamB-2020,LSTM,123,3,5295,35,3,15,0.6790874524714829,0.07467134895105672,0.7065938265385384,3,0.6666666666666666,0.018912529550827423,0.6666666666666666
soccermon,TeamA-2020,XGBoost,2026,5,9531,427,28,27,0.6901715744784186,0.0902083671644785,0.6101867434859166,11,0.7386363636363635,0.1188118811881188,0.39285714285714285
soccermon,TeamA-2020,ProtoNet,123,5,9531,427,28,27,0.7059588291221297,0.08550919981408261,0.7741377237304732,11,0.7897727272727273,0.1418744625967326,0.4642857142857143
soccermon,TeamB-2020,ProtoNet,42,3,5295,35,3,15,0.9479196089082021,0.09292674699240272,0.8847925172066713,3,0.8055555555555556,0.058823529411764705,1.0
soccermon,TeamA-2021,Transformer,42,4,8234,62,8,23,0.7835607029510682,0.12115249097996383,0.6843068856718701,4,0.7105263157894737,0.050878255602665054,0.75
soccermon,TeamA-2021,AthleteRate,42,4,8234,62,8,23,0.5042394959973474,0.007820775830057473,0.5,4,0.5065789473684211,0.012669683257918552,0.25
soccermon,TeamA-2020,Transformer,42,5,9531,427,28,27,0.6110090579635583,0.06271110731218855,0.6328345299386362,11,0.8238636363636364,0.09626128061882251,0.4642857142857143
soccermon,TeamA-2021,GAT,42,4,8234,62,8,23,0.5239803893704704,0.00798994068149688,0.4100007219961711,4,0.5,0.016959418534221685,0.375
soccermon,TeamB-2020,AthleteRate,42,3,5295,35,3,15,0.3849538294405214,0.005547012005935519,0.5,3,0.5,0.0077777777777777776,0.3333333333333333
soccermon,TeamB-2020,Transformer,2026,3,5295,35,3,15,0.7597664312873438,0.06617761183467058,0.7423919650568852,3,0.7777777777777778,0.025717111770524232,0.6666666666666666
soccermon,TeamB-2020,Transformer,42,3,5295,35,3,15,0.6327593699076589,0.1627318496817401,0.8040105346122228,3,0.5555555555555556,0.017110266159695818,0.3333333333333333
soccermon,TeamB-2020,ours,42,3,5295,35,3,15,0.8263932645301466,0.043399648776030406,0.8486316997867227,3,0.5555555555555556,0.052478134110787174,1.0
soccermon,TeamA-2020,Transformer,123,5,9531,427,28,27,0.6863321267024197,0.07244822359291206,0.6428489576868267,11,0.8465909090909091,0.11263972484952708,0.6071428571428571
soccermon,TeamA-2020,DANN,42,5,9531,427,28,27,0.496833880055811,0.060619114042328746,0.4960519155155152,11,0.7727272727272727,0.09783071033602722,0.4642857142857143
soccermon,TeamA-2021,DANN,42,4,8234,62,8,23,0.7671849588682046,0.016781955665352722,0.5216231825232666,4,0.8815789473684211,0.03270745003028468,0.625
soccermon,TeamA-2021,LSTM,42,4,8234,62,8,23,0.7202485276238297,0.01591354503257302,0.5269515184708308,4,0.6578947368421053,0.03391883706844337,0.625
soccermon,TeamA-2020,LSTM,42,5,9531,427,28,27,0.6432050610586797,0.06543681929152713,0.5507628665430263,11,0.7784090909090908,0.09969918349806618,0.42857142857142855
soccermon,TeamA-2021,Transformer,123,4,8234,62,8,23,0.7721073531965957,0.029385996692282212,0.6001119366967743,4,0.8026315789473684,0.05017921146953405,0.75
soccermon,TeamA-2021,GAT,123,4,8234,62,8,23,0.6000742109168995,0.011808773010540539,0.4919316221982873,4,0.5657894736842105,0.021505376344086023,0.5
soccermon,TeamB-2020,XGBoost,42,3,5295,35,3,15,0.6880554046713743,0.013677745558175285,0.6579506935852721,3,0.6944444444444444,0.016332590942835932,0.6666666666666666
soccermon,TeamA-2020,GAT,123,5,9531,427,28,27,0.6238467894288431,0.06337460080952124,0.6945013675266068,11,0.6534090909090908,0.12209802235597593,0.6428571428571429
soccermon,TeamB-2020,AthleteRate,123,3,5295,35,3,15,0.3849538294405214,0.005547012005935519,0.5,3,0.5,0.0077777777777777776,0.3333333333333333
soccermon,TeamA-2021,ProtoNet,123,4,8234,62,8,23,0.6746996036821246,0.013245531561408723,0.633059316625811,4,0.618421052631579,0.03345280764635603,0.75
soccermon,TeamA-2021,XGBoost,2026,4,8234,62,8,23,0.6962859015047449,0.013232295007003637,0.5539700908423482,4,0.7105263157894737,0.032648125755743655,0.75
soccermon,TeamB-2020,ProtoNet,123,3,5295,35,3,15,0.9324388919065725,0.053843890279843196,0.92171733866011,3,0.6388888888888888,0.05026656511805026,1.0
soccermon,TeamB-2020,XGBoost,2026,3,5295,35,3,15,0.7430255296034765,0.021816885354734448,0.6451830232339653,3,0.75,0.017804154302670624,0.3333333333333333
