record,study,reference,doi,sport,rolling_or_sliding_windows,partitioning_category,partitioning_unit,independent_injury_events_reported,positive_windows_per_injury_reported,purge_or_embargo,purge_or_embargo_detail,functional_equivalence,functional_equivalence_detail,leakage_risk,reported_auc,split_description,coded_version,dataset_group,reference_note,split_note
1,Rossi et al. 2018,"Rossi, A., Pappalardo, L., Cintia, P., Iaia, F. M., Fernàndez, J. & Medina, D. Effective injury forecasting in soccer with GPS training data and machine learning. PLoS ONE 13, e0201264 (2018).",10.1371/journal.pone.0201264,Football,yes,window_random,Window-level random,yes,no,no,,no,,high,0.76 ± 0.12 (decision tree),“In step 1 we split the dataset into two parts: TTRAIN (30% of T) and TTEST (70% of T).”,journal,,,
2,Saberisani et al. 2025,"Saberisani, R., Barati, A. H., Zarei, M., Santos, P., Gorouhi, A., Ardigò, L. P. & Nobari, H. Prediction of football injuries using GPS-based data in Iranian professional football players: a machine learning approach. Front. Sports Act. Living 7, 1425180 (2025).",10.3389/fspor.2025.1425180,Football,yes,window_random,Window-level random,no,no,no,,no,,high,0.91 (number of decelerations),"“a completely random approach was adopted for model training, allocating 80% of the data for model training and the remaining 20% for model testing.”",journal,,,
3,Ren et al. 2025,"Ren, X., Boisbluche, S., Philippe, K., Demy, M., Äyrämö, S., Rautiainen, I., Ding, S. & Prioux, J. Global Positioning System-derived metrics and machine learning models for injury prediction in professional rugby union players. Eur. J. Sport Sci. 25, e70057 (2025).",10.1002/ejsc.70057,Rugby union,yes,window_random,Window-level random,yes,unclear,no,,no,,high,"0.89 (tight five, naive Bayes)","“The dataset was then split into training and testing sets, with 70% of the data allocated for training and 30% for testing…”",journal,,,
4,Cohan et al. 2021,"Cohan, A., Schuster, J. & Fernandez, J. A deep learning approach to injury forecasting in NBA basketball. J. Sports Anal. 7, 277–289 (2021).",10.3233/JSA-200529,Basketball,yes,window_random,Window-level random,yes,unclear,no,,no,,high,not obtained,“The data is split into train and validation sets consisting of 85%/15% of the data using an iterative stratified approach for injury pairs.”,journal,,,a
5,Huang et al. 2022,"Huang, Y., Huang, S., Wang, Y., Li, Y., Gui, Y. & Huang, C. A novel lower extremity non-contact injury risk prediction model based on multimodal fusion and interpretable machine learning. Front. Physiol. 13, 937546 (2022).",10.3389/fphys.2022.937546,Basketball,yes,window_random,Window-level random,yes,no,no,,no,,high,"not reported (precision, recall and F2 only)",“This study used a 10-fold stratified cross-validation evaluation strategy… The original dataset was randomly divided into ten subsets…”,journal,,,
6,Wu et al. 2025,"Wu, H., Brooke-Wavell, K., Barnes, M. R., Awan, Z., Mastana, S., Allen, S. & Blagrove, R. C. A time-sequenced approach to machine learning prognostic modelling with implementation on running-related injury prediction. Preprint at medRxiv https://doi.org/10.1101/2025.05.07.25327162 (2025).",10.1101/2025.05.07.25327162,Endurance running,yes,window_random,Window-level random,no,no,no,,no,,high,0.784 ± 0.019 (random forest),“…within a stratified 10-fold cross-validation framework was employed as the evaluation metric to prevent overfitting and for comparison against previous ML RRI prediction studies.”,preprint,wu_running_cohort,d,
7,Martins et al. 2025,"Martins, F., Sarmento, H., Gouveia, É. R., Saveca, P. & Przednowek, K. Machine learning-based prediction of muscle injury risk in professional football: a four-year longitudinal study. J. Clin. Med. 14, 8039 (2025).",10.3390/jcm14228039,Football,unclear,kfold_without_grouping,k-fold cross-validation without stated grouping,yes,no,no,,no,,high,"0.81 (Kstar, 4-week window)",“A 10-fold cross-validation method was employed. This method aims to divide the dataset into 10 training subsets.”,journal,,,
8,Mandorino et al. 2021,"Mandorino, M., Figueiredo, A. J., Cima, G. & Tessitore, A. Predictive analytic techniques to identify hidden relationships between training load, fatigue and muscle strains in young soccer players. Sports 10, 3 (2021).",10.3390/sports10010003,Youth football (under 14),yes,kfold_without_grouping,k-fold cross-validation without stated grouping,yes,no,no,,no,,high,0.84 ± 0.05 (SVM-lag),“Hyperparameters tuning was performed on 20% of the dataset… tested on the remaining 80%… adopting a 4-fold stratified repeated cross-validation.”,journal,,,
9,Wu et al. 2026,"Wu, H., Brooke-Wavell, K., Barnes, M. R., Awan, Z., Mastana, S., Allen, S. & Blagrove, R. C. Multidisciplinary prediction of running-related injuries using machine learning. npj Digit. Med. 9, 213 (2026).",10.1038/s41746-026-02413-y,Endurance running,yes,kfold_without_grouping,k-fold cross-validation without stated grouping,unclear,no,no,,no,,high,0.784 ± 0.014 (random forest),“Each fold divides the dataset into a 90% training set and a 10% testing set with the same injured-to-uninjured ratio.”,journal,wu_running_cohort,d,
10,Neal et al. 2026,"Neal, B. S., Hadjiantoni, S., Gruber, A. H., Willy, R. W. & Liew, B. X. W. Using machine learning to explain recreational running injury: an exploratory classification analysis. J. Sport Rehabil. https://doi.org/10.1123/jsr.2026-0073 (2026).",10.1123/jsr.2026-0073,Recreational running,no,kfold_without_grouping,k-fold cross-validation without stated grouping,no,no,no,,no,,high,not reported (accuracy only),“each run was considered an independent event… Seven ML models were used and validated using repeated stratified 10-fold cross validation.”,journal,,h,
11,de Leeuw et al. 2022,"de Leeuw, A.-W., van der Zwaard, S., van Baar, R. & Knobbe, A. Personalized machine learning approach to injury monitoring in elite volleyball players. Eur. J. Sport Sci. 22, 511–520 (2022).",10.1080/17461391.2021.1887369,Volleyball,yes,no_separation,No training–test separation,no,no,no,,no,,high,not reported (explained variance only),not found; no training–test separation or cross-validation is described,journal,,,
12,Majumdar et al. 2024,"Majumdar, A., Bakirov, R., Hodges, D., McCullagh, S. & Rees, T. A multi-season machine learning approach to examine the training load and injury relationship in professional soccer. J. Sports Anal. 10, 47–65 (2024).",10.3233/JSA-240718,Football,yes,temporal,Temporal,yes,yes,no,,no,,medium,0.64 (XGBoost) / 0.69 (ANN),"“We first split the entire dataset into two parts—the training data (DTrain), containing the first four and half seasons’ data, and the test data…”",journal,,,
13,Huth et al. 2025,"Huth, M., Canal-Simón, B., Ferrer, E., Rodas, G., Yanguas, X., Hasenauer, J. & González, J. R. Informed injury prediction in elite football: decision theory meets machine learning. Preprint at medRxiv https://doi.org/10.1101/2025.04.23.25326218 (2025).",10.1101/2025.04.23.25326218,Women’s football,yes,temporal,Temporal (month blocks),yes,no,no,,no,,medium,0.761 (XGBSE) / 0.780 (AFT),“Data were partitioned using a month-wise block splitting strategy to preserve temporal dependencies.”,preprint,,c,
14,Leckey et al. 2026,"Leckey, C., van Dyk, N., Berndsen, J., Doherty, C., Lawlor, A. & Delahunt, E. Machine learning model development and evaluation for non-contact lower limb injury risk prediction in elite male rugby union: a multi-team, multi-season analysis. Sports Med. Open 12, 123 (2026).",10.1186/s40798-026-01060-7,Rugby union,yes,temporal,Temporal,yes,yes,no,,no,,medium,0.66 (CatBoost),"“To prevent information leakage, a temporal train/test split was applied. The 1st October 2023 was selected as the data partition boundary…”",journal,,,
15,Carey et al. 2017,"Carey, D. L., Ong, K.-L., Whiteley, R., Crossley, K. M., Crow, J. & Morris, M. E. Predictive modelling of training loads and injury in Australian football. Preprint at arXiv https://doi.org/10.48550/arXiv.1706.04336 (2017).",10.48550/arXiv.1706.04336,Australian football,yes,temporal,Temporal (by season),yes,yes,no,,no,,medium,0.76 (best) / 0.72 (mean),“Predictive models were built on two years of load and injury data… and tested on one season of unseen future data”,preprint,,b,
16,Pan et al. 2026,"Pan, Y., Pang, J., Jia, B., Lin, Y., Chang, Z. & Liu, X. Beyond threshold-based monitoring: a deep temporal learning framework with dual-path ACWR feature encoding for sports injury risk prediction. J. King Saud Univ. Comput. Inf. Sci. 38, 453 (2026).",10.1007/s44443-026-00874-5,"Football, tennis, rugby and field hockey",yes,temporal,Temporal (within each athlete),yes,no,no,,no,,medium,0.847 (95% CI 0.831–0.863),"“for each athlete’s time series, the earliest 60% of observations were assigned to the training set, the subsequent 20% to the validation set…”",journal,,,
17,Fang and Chen 2025,"Fang, D. & Chen, C. Sports injury risk prediction based on temporal graph encoding and graph neural networks: a cross-sport transfer learning framework. Sci. Rep. 15, 37656 (2025).",10.1038/s41598-025-21613-2,"Sprint and middle-distance running, basketball, volleyball and football",yes,temporal,Temporal,no,no,no,,no,,medium,0.826 ± 0.025,"“Data is divided chronologically: 60% training set, 20% validation set, and 20% test set, ensuring temporal integrity.”",journal,,,
18,Pappalardo et al. 2019,"Pappalardo, L., Guerrini, L., Rossi, A. & Cintia, P. Explainable injury forecasting in soccer via multivariate time series and convolutional neural networks. In Barça Sports Analytics Summit (2019).",not recorded,Football,unclear,temporal,Temporal (forward folds),yes,no,no,,no,,medium,0.74,"“Split the player’s workload history into N consecutive time folds… Train on folds 1, ..., i and test on fold i + j”",conference,,g,
19,Freitas et al. 2025,"Freitas, D. N., Mostafa, S. S., Caldeira, R., Santos, F., Fermé, E., Gouveia, É. R. & Morgado-Dias, F. Predicting noncontact injuries of professional football players using machine learning. PLoS ONE 20, e0315481 (2025).",10.1371/journal.pone.0315481,Football,no,athlete_grouped,Athlete-grouped,yes,no,no,,no,,low,0.85 (SVM),"“The subsets are subject-independent, meaning that each player’s data is exclusively in only one of the dataset splits.”",journal,,,
20,Haller et al. 2023,"Haller, N., Kranzinger, S., Kranzinger, C., Blumkaitis, J. C., Strepp, T., Simon, P., Tomaskovic, A., O’Brien, J., Düring, M. & Stöggl, T. Predicting injury and illness with machine learning in elite youth soccer: a comprehensive monitoring approach over 3 months. J. Sports Sci. Med. 22, 476–487 (2023).",10.52082/jssm.2023.476,Youth football (under 18),no,athlete_grouped,Athlete-grouped,yes,no,no,,no,,low,not reported (kappa 0.138),“18 participants were randomly selected as the training data set and 5 participants were selected as the test data set.”,journal,,,
21,Tsilimigkras et al. 2024,"Tsilimigkras, T., Kakkos, I., Matsopoulos, G. K. & Bogdanis, G. C. Enhancing sports injury risk assessment in soccer through machine learning and training load analysis. J. Sports Sci. Med. 23, 537–547 (2024).",10.52082/jssm.2024.537,Football,no,athlete_grouped,Athlete-grouped (leave-one-subject-out),yes,yes,no,,yes,each athlete contributed exactly one injury,low,not reported (accuracy 0.78),"“in each LOOCV repetition, the data of one participant were excluded… the data corresponding to the excluded subject were considered the testing set.”",journal,,,
22,Qiao and Tian 2026,"Qiao, T. & Tian, W. Explainable temporal deep learning for athlete-independent classification of injury-labeled days in competitive distance runners: a methodological benchmark using seven-day training-load histories. Front. Public Health 14, 1936365 (2026).",10.3389/fpubh.2026.1936365,Middle- and long-distance running,yes,athlete_grouped,Athlete-grouped,no,no,no,,no,,low,0.596 (DS-MTCN-IG),“All observations from an athlete were assigned to one and only one outer test fold.”,journal,lovdal_runners_dataset,e,
23,Tong and Gao 2026,"Tong, J. & Gao, P. A frequency-aware dual-stream deep learning framework for athlete workload monitoring and injury risk assessment: a multi-dataset validation study in professional team sports. Sensors 26, 4228 (2026).",10.3390/s26134228,"Basketball, Australian football and football",yes,athlete_grouped,Athlete- and season-grouped,no,no,yes,7-game buffer between training and test windows of the same season,no,,low,0.858 / 0.833 / 0.821 (three datasets),"“samples are partitioned by athlete and season rather than by individual observation, ensuring that no athlete contributes to both training and test data”",journal,,,
24,Lövdal et al. 2021,"Lövdal, S. S., den Hartigh, R. J. R. & Azzopardi, G. Injury prediction in competitive runners with machine learning. Int. J. Sports Physiol. Perform. 16, 1522–1531 (2021).",10.1123/ijspp.2020-0518,Middle- and long-distance running,yes,athlete_grouped,Athlete-grouped (the ten most recently joined athletes held out),yes,yes,yes,"three-week rule applied during dataset construction, not at the split boundary",yes,injuries within three weeks of a preceding injury were discarded during dataset construction,low,0.724 (day) / 0.678 (week),“We train 9 models using the data of the first 64 athletes… holding out the data of the 10 athletes that most recently joined”,journal,lovdal_runners_dataset,e,
25,Fontana et al. 2026,"Fontana, M. A., Egbert, J. S. & Toresdahl, B. G. Predicting self-reported injury status among runners training for the New York City Marathon. PM&R 18, S132–S142 (2026).",10.1002/pmrj.70127,Marathon running,yes,athlete_grouped,Athlete-grouped,no,no,no,,no,,low,87.3% (model 1) / 67.3% (model 2),“we randomly split the sample into training (80%) and test sets (20%) enforcing that all weekly observations from a runner were in one or another”,journal,,,
26,Rossi and Rodrigues 2025,"Rossi, L. & Rodrigues, B. Finding pre-injury patterns in triathletes from lifestyle, recovery and load dynamics features. Preprint at arXiv https://doi.org/10.48550/arXiv.2511.17610 (2025).",10.48550/arXiv.2511.17610,Triathlon (synthetic data),yes,athlete_grouped,Athlete-grouped and temporal (two schemes),unclear,no,no,,no,,low,"0.858 (XGBoost, time-based split)","“Athlete-based split: 80% athletes for training, 20% unseen athletes for testing. Time-based split: Train on Jan–Oct, test on Nov–Dec”",preprint,,f,
27,Ye et al. 2023,"Ye, X., Huang, Y., Bai, Z. & Wang, Y. A novel approach for sports injury risk prediction: based on time-series image encoding and deep learning. Front. Physiol. 14, 1174525 (2023).",10.3389/fphys.2023.1174525,Middle- and long-distance running,yes,athlete_grouped,Athlete-grouped,no,no,no,,no,,low,0.891 ± 0.026 (external test set),“The training set consisted of data from 64 athletes… while the test set consisted of data from 10 athletes…”,journal,lovdal_runners_dataset,e,
28,Wang and Lee 2026,"Wang, Y. & Lee, S. Development and validation of a machine learning model for non-contact injury prediction based on lower limb strength asymmetry in professional football. Sci. Rep. 16, 4456 (2026).",10.1038/s41598-025-34468-4,Football,no,kfold_without_grouping,k-fold cross-validation without stated grouping,yes,no,no,,no,,not assessable,not reported (AUPRC 0.759),"“The outer loop used stratified 5-fold cross-validation to assess model generalization, while the inner loop performed 3-fold cross-validation for hyperparameter optimization.”",journal,,,
29,Todd et al. 2024,"Todd, C., Palczewska, A. & Weaving, D. Injury risk prediction in rugby league players with training volume data and machine learning. In Advances in Computational Intelligence Systems: Contributions Presented at the 21st UK Workshop on Computational Intelligence 192–203 (Springer, 2024).",10.1007/978-3-031-55568-8_16,Rugby league,unclear,not_available,Full text not available,unclear,unclear,unclear,,not assessable,,not assessable,not obtained,not found; the accessible abstract does not describe the split,conference,,i,
30,Vuong and Vincent 2023,"Vuong, E. & Vincent, J. Predicting running injuries with classification machine learning models. J. Stud. Res. 12 (2023).",10.47611/jsrhs.v12i1.4046,Running,unclear,not_available,Full text not available,unclear,unclear,unclear,,not assessable,,not assessable,not obtained,not found; the accessible abstract does not describe the split,journal,,i,
