daily_load,atl,ctl28,acwr,fatigue,mood,readiness,sleep_duration,soreness,stress
1.0000,0.6667,0.5824,0.4647,0.0273,0.0318,0.0977,0.0312,-0.0537,0.0080
0.6667,1.0000,0.8924,0.6487,-0.0395,0.0393,0.0142,0.0515,-0.1360,0.0181
0.5824,0.8924,1.0000,0.4248,-0.0342,0.0303,0.0056,0.0485,-0.1283,0.0103
0.4647,0.6487,0.4248,1.0000,-0.0201,0.0271,-0.0109,0.0112,-0.0755,0.0082
0.0273,-0.0395,-0.0342,-0.0201,1.0000,0.5080,0.5137,0.2682,0.5812,0.4795
0.0318,0.0393,0.0303,0.0271,0.5080,1.0000,0.2582,0.1906,0.4452,0.6840
0.0977,0.0142,0.0056,-0.0109,0.5137,0.2582,1.0000,0.2540,0.3862,0.2451
0.0312,0.0515,0.0485,0.0112,0.2682,0.1906,0.2540,1.0000,0.1332,0.1547
-0.0537,-0.1360,-0.1283,-0.0755,0.5812,0.4452,0.3862,0.1332,1.0000,0.4764
0.0080,0.0181,0.0103,0.0082,0.4795,0.6840,0.2451,0.1547,0.4764,1.0000
