panel,method,n,auc_mean,auc_sd,within_mean,floor
"TeamA-2020 (19 test events, 10 splits)",GBT,10,0.729,0.068,0.507,0.718
"TeamA-2020 (19 test events, 10 splits)",LSTM,10,0.736,0.046,0.509,0.718
"TeamA-2020 (19 test events, 10 splits)",GAT,10,0.71,0.054,0.664,0.718
"TeamA-2020 (19 test events, 10 splits)",Transformer,10,0.759,0.039,0.648,0.718
"TeamA-2020 (19 test events, 10 splits)",ProtoNet,10,0.806,0.08,0.655,0.718
"TeamA-2020 (19 test events, 10 splits)",DANN,10,0.716,0.052,0.505,0.718
"TeamA-2020 (19 test events, 10 splits)",AthleteRate,10,0.718,0.095,0.5,0.718
"TeamA-2020 (19 test events, 10 splits)",LMVG-TCA,10,0.751,0.094,0.52,0.718
"TeamA-2021 (6 test events, 10 splits)",GBT,10,0.733,0.07,0.577,0.582
"TeamA-2021 (6 test events, 10 splits)",LSTM,10,0.734,0.047,0.561,0.582
"TeamA-2021 (6 test events, 10 splits)",GAT,10,0.601,0.074,0.47,0.582
"TeamA-2021 (6 test events, 10 splits)",Transformer,10,0.734,0.06,0.506,0.582
"TeamA-2021 (6 test events, 10 splits)",ProtoNet,10,0.642,0.175,0.541,0.582
"TeamA-2021 (6 test events, 10 splits)",DANN,10,0.745,0.051,0.575,0.582
"TeamA-2021 (6 test events, 10 splits)",AthleteRate,10,0.582,0.118,0.5,0.582
"TeamA-2021 (6 test events, 10 splits)",LMVG-TCA,10,0.569,0.118,0.533,0.582
"Competitive runners, G1 to G3 (30 splits)",GBT,30,0.563,0.018,0.55,0.563
"Competitive runners, G1 to G3 (30 splits)",LSTM,30,0.636,0.018,0.617,0.563
"Competitive runners, G1 to G3 (30 splits)",GAT,30,0.637,0.022,0.624,0.563
"Competitive runners, G1 to G3 (30 splits)",Transformer,30,0.638,0.02,0.623,0.563
"Competitive runners, G1 to G3 (30 splits)",ProtoNet,30,0.616,0.029,0.594,0.563
"Competitive runners, G1 to G3 (30 splits)",DANN,30,0.581,0.036,0.565,0.563
"Competitive runners, G1 to G3 (30 splits)",AthleteRate,30,0.563,0.034,0.5,0.563
"Competitive runners, G1 to G3 (30 splits)",LMVG-TCA,30,0.622,0.028,0.607,0.563
