target,setting,seed,support_pos,support_neg,test_pos,test_neg,support_within_full_support
G1,full,0,68,272,136,14939,True
G1,full,1,68,272,136,14939,True
G1,full,2,68,272,136,14939,True
G1,full,3,68,272,136,14939,True
G1,full,4,68,272,136,14939,True
G1,full,5,68,272,136,14939,True
G1,full,6,68,272,136,14939,True
G1,full,42,68,272,136,14939,True
G1,full,123,68,272,136,14939,True
G1,full,2026,68,272,136,14939,True
G1,k10,0,10,40,194,15171,True
G1,k10,1,10,40,194,15171,True
G1,k10,2,10,40,194,15171,True
G1,k10,3,10,40,194,15171,True
G1,k10,4,10,40,194,15171,True
G1,k10,5,10,40,194,15171,True
G1,k10,6,10,40,194,15171,True
G1,k10,42,10,40,194,15171,True
G1,k10,123,10,40,194,15171,True
G1,k10,2026,10,40,194,15171,True
G2,full,0,65,260,130,12941,True
G2,full,1,65,260,130,12941,True
G2,full,2,65,260,130,12941,True
G2,full,3,65,260,130,12941,True
G2,full,4,65,260,130,12941,True
G2,full,5,65,260,130,12941,True
G2,full,6,65,260,130,12941,True
G2,full,42,65,260,130,12941,True
G2,full,123,65,260,130,12941,True
G2,full,2026,65,260,130,12941,True
G2,k10,0,10,40,185,13161,True
G2,k10,1,10,40,185,13161,True
G2,k10,2,10,40,185,13161,True
G2,k10,3,10,40,185,13161,True
G2,k10,4,10,40,185,13161,True
G2,k10,5,10,40,185,13161,True
G2,k10,6,10,40,185,13161,True
G2,k10,42,10,40,185,13161,True
G2,k10,123,10,40,185,13161,True
G2,k10,2026,10,40,185,13161,True
G3,full,0,61,244,123,13527,True
G3,full,1,61,244,123,13527,True
G3,full,2,61,244,123,13527,True
G3,full,3,61,244,123,13527,True
G3,full,4,61,244,123,13527,True
G3,full,5,61,244,123,13527,True
G3,full,6,61,244,123,13527,True
G3,full,42,61,244,123,13527,True
G3,full,123,61,244,123,13527,True
G3,full,2026,61,244,123,13527,True
G3,k10,0,10,40,174,13731,True
G3,k10,1,10,40,174,13731,True
G3,k10,2,10,40,174,13731,True
G3,k10,3,10,40,174,13731,True
G3,k10,4,10,40,174,13731,True
G3,k10,5,10,40,174,13731,True
G3,k10,6,10,40,174,13731,True
G3,k10,42,10,40,174,13731,True
G3,k10,123,10,40,174,13731,True
G3,k10,2026,10,40,174,13731,True
