cohort,task,seed,split_id,n_sup_events,n_te_events,n_sup_pos,n_sup_neg,n_te_pos,n_te_neg,n_purged_pos_sup,n_purged_neg_te,residual,support_train_windows,validation_subset,source_windows,source_positives
soccermon,TeamA-2020,0,4cdd86346e,6,19,57,238,336,8155,34,378,0.0,260,True,26019,104
soccermon,TeamA-2020,1,37539b3349,8,19,197,790,204,6780,26,1243,0.0,952,True,26019,104
soccermon,TeamA-2020,2,95939cfe81,6,19,53,221,317,8290,57,380,0.0,239,True,26019,104
soccermon,TeamA-2020,3,aadbd4839a,6,19,61,244,322,8120,44,430,0.0,265,True,26019,104
soccermon,TeamA-2020,4,bf43aa8c3c,7,19,149,597,229,7172,49,1012,0.0,711,True,26019,104
soccermon,TeamA-2020,5,19bb482a1d,7,19,65,270,345,8044,17,433,0.0,300,True,26019,104
soccermon,TeamA-2020,6,54e7d2f18e,6,19,60,252,318,8124,49,432,0.0,277,True,26019,104
soccermon,TeamA-2020,42,21e171fc2d,7,19,66,272,334,8149,27,468,0.0,243,True,26019,104
soccermon,TeamA-2020,123,212169e9ea,7,19,64,266,331,8054,32,446,0.0,295,True,26019,104
soccermon,TeamA-2020,2026,39765725ae,6,19,76,311,290,8050,61,528,0.0,377,True,26019,104
soccermon,TeamA-2021,0,8f006546e9,1,6,7,28,48,9464,7,52,0.0,35,False,25884,469
soccermon,TeamA-2021,1,ba4234893b,1,6,7,36,48,9445,7,63,0.0,43,False,25884,469
soccermon,TeamA-2021,2,741ce6427f,2,6,15,70,47,9289,0,125,0.0,50,True,25884,469
soccermon,TeamA-2021,3,29dc60eb8a,2,6,15,70,47,9284,0,130,0.0,45,True,25884,469
soccermon,TeamA-2021,4,c693b02b5c,1,6,7,28,43,9464,12,52,0.0,35,False,25884,469
soccermon,TeamA-2021,5,c8c09845d4,1,6,8,42,42,9424,12,78,0.0,50,False,25884,469
soccermon,TeamA-2021,6,4f5e1170a2,1,6,7,28,43,9464,12,52,0.0,35,False,25884,469
soccermon,TeamA-2021,42,22d80f93c7,2,6,15,64,47,9303,0,117,0.0,44,True,25884,469
soccermon,TeamA-2021,123,df845c5edf,2,6,14,56,48,9326,0,102,0.0,35,True,25884,469
soccermon,TeamA-2021,2026,901a6de8d2,2,6,14,56,48,9324,0,104,0.0,35,True,25884,469
soccermon,TeamB-2020,0,2460ca9502,1,2,7,28,28,7972,0,52,0.0,35,False,27431,496
soccermon,TeamB-2020,1,39b560e891,1,2,9,42,26,7937,0,78,0.0,51,False,27431,496
soccermon,TeamB-2020,2,2460ca9502,1,2,7,28,28,7972,0,52,0.0,35,False,27431,496
soccermon,TeamB-2020,3,9f439cd354,1,2,19,84,16,7825,0,143,0.0,103,False,27431,496
soccermon,TeamB-2020,4,39b560e891,1,2,9,45,26,7934,0,78,0.0,54,False,27431,496
soccermon,TeamB-2020,5,9f439cd354,1,2,19,84,16,7812,0,156,0.0,103,False,27431,496
soccermon,TeamB-2020,6,39b560e891,1,2,9,42,26,7937,0,78,0.0,51,False,27431,496
soccermon,TeamB-2020,42,9f439cd354,1,2,19,84,16,7838,0,130,0.0,103,False,27431,496
soccermon,TeamB-2020,123,2460ca9502,1,2,7,28,28,7972,0,52,0.0,35,False,27431,496
soccermon,TeamB-2020,2026,39b560e891,1,2,9,42,26,7947,0,68,0.0,51,False,27431,496
soccermon,TeamB-2021,0,d41d8cd98f,1,0,7,36,0,8066,0,65,0.0,43,False,27316,524
soccermon,TeamB-2021,1,d41d8cd98f,1,0,7,36,0,8066,0,65,0.0,43,False,27316,524
soccermon,TeamB-2021,2,d41d8cd98f,1,0,7,28,0,8100,0,39,0.0,35,False,27316,524
soccermon,TeamB-2021,3,d41d8cd98f,1,0,7,28,0,8087,0,52,0.0,35,False,27316,524
soccermon,TeamB-2021,4,d41d8cd98f,1,0,7,28,0,8087,0,52,0.0,35,False,27316,524
soccermon,TeamB-2021,5,d41d8cd98f,1,0,7,28,0,8126,0,26,0.0,35,False,27316,524
soccermon,TeamB-2021,6,d41d8cd98f,1,0,7,28,0,8087,0,52,0.0,35,False,27316,524
soccermon,TeamB-2021,42,d41d8cd98f,1,0,7,28,0,8087,0,52,0.0,35,False,27316,524
soccermon,TeamB-2021,123,d41d8cd98f,1,0,7,28,0,8087,0,52,0.0,35,False,27316,524
soccermon,TeamB-2021,2026,d41d8cd98f,1,0,7,28,0,8087,0,52,0.0,35,False,27316,524
runners,G1,0,d0ac34feb2,68,136,68,279,136,14250,0,496,0.0,342,True,27351,379
runners,G1,1,19a7caa542,68,136,68,274,136,14319,0,450,0.0,337,True,27351,379
runners,G1,2,d950a5e090,68,136,68,280,136,14327,0,437,0.0,343,True,27351,379
runners,G1,3,b459cef7c3,68,136,68,281,136,14269,0,452,0.0,344,True,27351,379
runners,G1,4,95d8cd7bb9,68,136,68,279,136,14303,0,456,0.0,342,True,27351,379
runners,G1,5,eca9fec117,68,136,68,281,136,14302,0,426,0.0,344,True,27351,379
runners,G1,6,37b44395f8,68,136,68,285,136,14237,0,479,0.0,348,True,27351,379
runners,G1,42,f21a84eed0,68,136,68,274,136,14306,0,449,0.0,337,True,27351,379
runners,G1,123,3ed0d0c7e3,68,136,68,280,136,14272,0,457,0.0,343,True,27351,379
runners,G1,2026,42bad05c86,68,136,68,285,136,14234,0,491,0.0,348,True,27351,379
runners,G2,0,681958af8d,65,130,65,272,130,12309,0,456,0.0,332,True,29370,388
runners,G2,1,0119652c6d,65,130,65,264,130,12330,0,435,0.0,324,True,29370,388
runners,G2,2,bd4cc493ce,65,130,65,267,130,12316,0,452,0.0,327,True,29370,388
runners,G2,3,f08c78fc1b,65,130,65,261,130,12363,0,405,0.0,321,True,29370,388
runners,G2,4,655af3faaa,65,130,65,270,130,12257,0,498,0.0,330,True,29370,388
runners,G2,5,81b3995edf,65,130,65,264,130,12390,0,389,0.0,324,True,29370,388
runners,G2,6,2e7b8e7c1c,65,130,65,267,130,12281,0,447,0.0,327,True,29370,388
runners,G2,42,ce96c54db6,65,130,65,272,130,12342,0,412,0.0,332,True,29370,388
runners,G2,123,148765553e,65,130,65,273,130,12339,0,394,0.0,333,True,29370,388
runners,G2,2026,17bf4c202c,65,130,65,272,130,12352,0,392,0.0,332,True,29370,388
runners,G3,0,e0cb9242ee,61,123,61,255,123,12868,0,435,0.0,311,True,28811,399
runners,G3,1,ca1df6c450,61,123,61,248,123,12953,0,406,0.0,304,True,28811,399
runners,G3,2,60e313bbf8,61,123,61,244,123,12937,0,377,0.0,300,True,28811,399
runners,G3,3,fc23185e4f,61,123,61,256,123,12933,0,383,0.0,312,True,28811,399
runners,G3,4,9fa1f5706d,61,123,61,257,123,12846,0,481,0.0,313,True,28811,399
runners,G3,5,cb7a3ad561,61,123,61,256,123,12881,0,428,0.0,312,True,28811,399
runners,G3,6,8b4d976864,61,123,61,245,123,12916,0,414,0.0,301,True,28811,399
runners,G3,42,9ba78979da,61,123,61,245,123,12898,0,410,0.0,301,True,28811,399
runners,G3,123,13c93d0783,61,123,61,253,123,12943,0,378,0.0,309,True,28811,399
runners,G3,2026,17e3da1cb7,61,123,61,250,123,12895,0,433,0.0,306,True,28811,399
