daily_fpr,daily_sens,weekly_fpr,weekly_sens,weekly_ppv,healthy_weeks,injury_weeks,alerts_per25,naive_per25,mean_days_per_week,target,seed,threshold,thr_value,window_auc,split_id,brier_skill,auc
0.19264255058246474,0.20833333333333334,0.20677966101694914,0.24193548387096775,0.05791505791505792,1180,62,5.169491525423728,4.816063764561618,6.836553945249597,TeamA-2020,0,support_rate_matched,0.6532586853382951,0.5792223219760007,4cdd86346e,-4.670205307075535,0.5792223219760007
0.30226854690374005,0.38095238095238093,0.3228813559322034,0.41935483870967744,0.06388206388206388,1180,62,8.072033898305085,7.556713672593501,6.836553945249597,TeamA-2020,0,fixed_0.5,0.5,0.5792223219760007,4cdd86346e,-4.670205307075535,0.5792223219760007
0.18834808259587021,0.5735294117647058,0.2344213649851632,0.6190476190476191,0.09885931558935361,1011,42,5.86053412462908,4.708702064896755,6.632478632478633,TeamA-2020,1,support_rate_matched,0.43211549025296925,0.7730623517843717,37539b3349,-3.8813654891115617,0.7730623517843717
0.14085545722713863,0.44607843137254904,0.1543026706231454,0.5476190476190477,0.12849162011173185,1011,42,3.857566765578635,3.521386430678466,6.632478632478633,TeamA-2020,1,fixed_0.5,0.5,0.7730623517843717,37539b3349,-3.8813654891115617,0.7730623517843717
0.17767568909858455,0.5891238670694864,0.2126387702818104,0.7049180327868853,0.14726027397260275,1171,61,5.315969257045261,4.4418922274646135,6.8060064935064934,TeamA-2020,123,support_rate_matched,0.5395899649822351,0.8030180721219382,212169e9ea,-3.653293700664567,0.8030180721219382
0.25366277626024336,0.7462235649546828,0.2852263023057216,0.7704918032786885,0.12335958005249344,1171,61,7.13065755764304,6.341569406506084,6.8060064935064934,TeamA-2020,123,fixed_0.5,0.5,0.8030180721219382,212169e9ea,-3.653293700664567,0.8030180721219382
0.17322074788902292,0.722397476340694,0.19766472060050042,0.7166666666666667,0.15357142857142858,1199,60,4.94161801501251,4.330518697225573,6.836378077839555,TeamA-2020,2,support_rate_matched,0.5854612306086686,0.8744774404188849,95939cfe81,-4.874599892829782,0.8744774404188849
0.35150784077201447,0.8927444794952681,0.3711426188490409,0.9,0.10821643286573146,1199,60,9.278565471226022,8.787696019300363,6.836378077839555,TeamA-2020,2,fixed_0.5,0.5,0.8744774404188849,95939cfe81,-4.874599892829782,0.8744774404188849
0.17888198757763976,0.6827586206896552,0.20512820512820512,0.7368421052631579,0.14893617021276595,1170,57,5.128205128205128,4.472049689440994,6.797066014669927,TeamA-2020,2026,support_rate_matched,0.47367815184346773,0.8574744056543157,39765725ae,-2.799360981117166,0.8574744056543157
0.15751552795031057,0.6379310344827587,0.18205128205128204,0.7192982456140351,0.16141732283464566,1170,57,4.551282051282051,3.937888198757764,6.797066014669927,TeamA-2020,2026,fixed_0.5,0.5,0.8574744056543157,39765725ae,-2.799360981117166,0.8574744056543157
0.1921182266009852,0.40062111801242234,0.20797962648556875,0.4666666666666667,0.10256410256410256,1178,60,5.199490662139219,4.80295566502463,6.819063004846527,TeamA-2020,3,support_rate_matched,0.5033985495567322,0.7099654254505401,aadbd4839a,-3.618266616465532,0.7099654254505401
0.19433497536945812,0.40372670807453415,0.21222410865874364,0.4666666666666667,0.10071942446043165,1178,60,5.305602716468591,4.858374384236453,6.819063004846527,TeamA-2020,3,fixed_0.5,0.5,0.7099654254505401,aadbd4839a,-3.618266616465532,0.7099654254505401
0.19074177356385946,0.4847161572052402,0.23984891406987724,0.5319148936170213,0.08960573476702509,1059,47,5.996222851746931,4.768544339096486,6.691681735985534,TeamA-2020,4,support_rate_matched,0.3414879636214821,0.7552228827780038,bf43aa8c3c,-2.223690543091549,0.7552228827780038
0.09090909090909091,0.36681222707423583,0.11709159584513693,0.44680851063829785,0.14482758620689656,1059,47,2.927289896128423,2.272727272727273,6.691681735985534,TeamA-2020,4,fixed_0.5,0.5,0.7552228827780038,bf43aa8c3c,-2.223690543091549,0.7552228827780038
0.1879985274266781,0.37425149700598803,0.20473773265651438,0.4444444444444444,0.1037037037037037,1182,63,5.1184433164128595,4.699963185666952,6.813654618473896,TeamA-2020,42,support_rate_matched,0.5572389988504218,0.7184206871567945,21e171fc2d,-2.923753945725118,0.7184206871567945
0.2284942937783777,0.4491017964071856,0.24534686971235195,0.5396825396825397,0.10493827160493827,1182,63,6.133671742808799,5.712357344459443,6.813654618473896,TeamA-2020,42,fixed_0.5,0.5,0.7184206871567945,21e171fc2d,-2.923753945725118,0.7184206871567945
0.18759323719542517,0.34492753623188405,0.21452991452991452,0.3709677419354839,0.08394160583941605,1170,62,5.363247863247863,4.6898309298856296,6.809253246753247,TeamA-2020,5,support_rate_matched,0.5224105084120337,0.6353177091215705,19bb482a1d,-2.5075510131421535,0.6353177091215705
0.20226255594231726,0.3681159420289855,0.23333333333333334,0.3870967741935484,0.08080808080808081,1170,62,5.833333333333333,5.056563898557932,6.809253246753247,TeamA-2020,5,fixed_0.5,0.5,0.6353177091215705,19bb482a1d,-2.5075510131421535,0.6353177091215705
0.17872968980797638,0.5408805031446541,0.1996615905245347,0.6551724137931034,0.1386861313868613,1182,58,4.991539763113368,4.468242245199409,6.808064516129032,TeamA-2020,6,support_rate_matched,0.4961912127641532,0.8084882822539938,54e7d2f18e,-4.2353106347199825,0.8084882822539938
0.16531265386509109,0.5157232704402516,0.18189509306260576,0.6551724137931034,0.15019762845849802,1182,58,4.547377326565144,4.132816346627277,6.808064516129032,TeamA-2020,6,fixed_0.5,0.5,0.8084882822539938,54e7d2f18e,-4.2353106347199825,0.8084882822539938
0.2000211327134404,0.20833333333333334,0.23542274052478135,0.23076923076923078,0.009202453987730062,1372,13,5.885568513119534,5.00052831783601,6.867870036101083,TeamA-2021,0,support_rate_matched,0.7500990629196167,0.5012679628064244,8f006546e9,-49.48068145354223,0.5012679628064244
0.39000422654268807,0.5625,0.40160349854227406,0.5384615384615384,0.012544802867383513,1372,13,10.040087463556851,9.750105663567203,6.867870036101083,TeamA-2021,0,fixed_0.5,0.5,0.5012679628064244,8f006546e9,-49.48068145354223,0.5012679628064244
0.16357861302276336,0.020833333333333332,0.21183345507669832,0.07692307692307693,0.003436426116838488,1369,13,5.295836376917458,4.089465325569084,6.869030390738061,TeamA-2021,1,support_rate_matched,0.5709588236586992,0.38199664725604376,ba4234893b,-38.14984127636246,0.3819966472560437
0.29698253043938594,0.10416666666666667,0.3418553688823959,0.15384615384615385,0.00425531914893617,1369,13,8.546384222059897,7.424563260984648,6.869030390738061,TeamA-2021,1,fixed_0.5,0.5,0.38199664725604376,ba4234893b,-38.14984127636246,0.3819966472560437
0.201050825648724,0.0,0.23190546528803546,0.16666666666666666,0.006329113924050633,1354,12,5.797636632200886,5.0262706412181,6.862371888726208,TeamA-2021,123,support_rate_matched,0.5655966162681579,0.5748936664522124,df845c5edf,-43.99227841132836,0.5748936664522124
0.2977696761741368,0.25,0.3552437223042836,0.4166666666666667,0.0102880658436214,1354,12,8.881093057607089,7.44424190435342,6.862371888726208,TeamA-2021,123,fixed_0.5,0.5,0.5748936664522124,df845c5edf,-43.99227841132836,0.5748936664522124
0.1761222951878566,0.2553191489361702,0.20459599703484063,0.3333333333333333,0.014285714285714285,1349,12,5.114899925871016,4.403057379696415,6.859662013225569,TeamA-2021,2,support_rate_matched,0.5419894421801847,0.520320305646349,741ce6427f,-37.68086318749364,0.520320305646349
0.3369576918936376,0.5531914893617021,0.3669384729429207,0.5,0.011976047904191617,1349,12,9.173461823573017,8.42394229734094,6.859662013225569,TeamA-2021,2,fixed_0.5,0.5,0.520320305646349,741ce6427f,-37.68086318749364,0.520320305646349
0.1984126984126984,0.5208333333333334,0.23929098966026588,0.5833333333333334,0.021148036253776436,1354,12,5.982274741506647,4.9603174603174605,6.86090775988287,TeamA-2021,2026,support_rate_matched,0.6594642639160156,0.64638299013299,901a6de8d2,-38.28985977722153,0.64638299013299
0.3304375804375804,0.5416666666666666,0.3906942392909897,0.6666666666666666,0.0148975791433892,1354,12,9.767355982274742,8.26093951093951,6.86090775988287,TeamA-2021,2026,fixed_0.5,0.5,0.64638299013299,901a6de8d2,-38.28985977722153,0.64638299013299
0.17740198190435158,0.0,0.23202372127501852,0.0,0.0,1349,12,5.800593031875463,4.43504954760879,6.855988243938281,TeamA-2021,3,support_rate_matched,0.503611378809985,0.5089630295085574,29dc60eb8a,-39.65319524460341,0.5089630295085574
0.1923739767341663,0.0,0.24981467753891773,0.0,0.0,1349,12,6.2453669384729436,4.809349418354158,6.855988243938281,TeamA-2021,3,fixed_0.5,0.5,0.5089630295085574,29dc60eb8a,-39.65319524460341,0.5089630295085574
0.19949281487743026,0.32558139534883723,0.23104956268221574,0.3333333333333333,0.012461059190031152,1372,12,5.776239067055394,4.987320371935756,6.869219653179191,TeamA-2021,4,support_rate_matched,0.6256902575492859,0.5794086280445852,c693b02b5c,-43.070224723681704,0.5794086280445852
0.4262468300929839,0.32558139534883723,0.44825072886297374,0.3333333333333333,0.006462035541195477,1372,12,11.206268221574343,10.656170752324599,6.869219653179191,TeamA-2021,4,fixed_0.5,0.5,0.5794086280445852,c693b02b5c,-43.070224723681704,0.5794086280445852
0.18929377620122542,0.3191489361702128,0.22575869726128794,0.5,0.01929260450160772,1351,12,5.643967431532198,4.732344405030635,6.85986793837124,TeamA-2021,42,support_rate_matched,0.59045083915131,0.6665751839374624,22d80f93c7,-36.93718530204687,0.6665751839374624
0.30312802321831667,0.574468085106383,0.3597335307179867,0.6666666666666666,0.016194331983805668,1351,12,8.993338267949667,7.578200580457917,6.85986793837124,TeamA-2021,42,fixed_0.5,0.5,0.6665751839374624,22d80f93c7,-36.93718530204687,0.6665751839374624
0.15821307300509338,0.5714285714285714,0.2238478419897586,0.5833333333333334,0.022364217252396165,1367,12,5.596196049743965,3.9553268251273344,6.864394488759971,TeamA-2021,5,support_rate_matched,0.4455227732658386,0.8125631619371009,c8c09845d4,-34.4565138366292,0.8125631619371009
0.03278862478777589,0.2619047619047619,0.06364301389904901,0.3333333333333333,0.04395604395604396,1367,12,1.5910753474762254,0.8197156196943972,6.864394488759971,TeamA-2021,5,fixed_0.5,0.5,0.8125631619371009,c8c09845d4,-34.4565138366292,0.8125631619371009
0.20097210481825867,0.0,0.23542274052478135,0.08333333333333333,0.0030864197530864196,1372,12,5.885568513119534,5.024302620456467,6.869219653179191,TeamA-2021,6,support_rate_matched,0.6845659852027893,0.49264532426428664,4f5e1170a2,-53.729406435410795,0.4926453242642866
0.38915891800507185,0.5116279069767442,0.40597667638483964,0.5,0.010657193605683837,1372,12,10.14941690962099,9.728972950126796,6.869219653179191,TeamA-2021,6,fixed_0.5,0.5,0.49264532426428664,4f5e1170a2,-53.729406435410795,0.4926453242642866
0.19856999498243855,0.6071428571428571,0.23697916666666666,0.6666666666666666,0.01444043321299639,1152,6,5.924479166666666,4.964249874560964,6.90846286701209,TeamB-2020,0,support_rate_matched,0.6826151013374329,0.8225933624829761,2460ca9502,-63.81215644248692,0.8225933624829761
0.37870045158053184,0.8214285714285714,0.3923611111111111,1.0,0.013100436681222707,1152,6,9.809027777777777,9.467511289513295,6.90846286701209,TeamB-2020,0,fixed_0.5,0.5,0.8225933624829761,2460ca9502,-63.81215644248692,0.8225933624829761
0.17626307168955524,0.2692307692307692,0.2153443766346992,0.3333333333333333,0.008032128514056224,1147,6,5.383609415867481,4.406576792238881,6.90633130962706,TeamB-2020,1,support_rate_matched,0.41635854103985953,0.675061300045551,39b560e891,-41.76738694937281,0.675061300045551
0.14400907143757086,0.19230769230769232,0.15780296425457715,0.3333333333333333,0.01092896174863388,1147,6,3.945074106364429,3.6002267859392716,6.90633130962706,TeamB-2020,1,fixed_0.5,0.5,0.675061300045551,39b560e891,-41.76738694937281,0.675061300045551
0.19844455594581034,0.6428571428571429,0.2265625,0.6666666666666666,0.01509433962264151,1152,6,5.6640625,4.961113898645259,6.90846286701209,TeamB-2020,123,support_rate_matched,0.6512581944465637,0.8154970969822952,2460ca9502,-56.4397489636763,0.8154970969822952
0.408429503261415,0.75,0.4227430555555556,0.8333333333333334,0.01016260162601626,1152,6,10.56857638888889,10.210737581535374,6.90846286701209,TeamB-2020,123,fixed_0.5,0.5,0.8154970969822952,2460ca9502,-56.4397489636763,0.8154970969822952
0.19944806823883593,0.35714285714285715,0.2387152777777778,0.3333333333333333,0.007220216606498195,1152,6,5.967881944444445,4.986201705970898,6.90846286701209,TeamB-2020,2,support_rate_matched,0.7502741575241089,0.7297796752920938,2460ca9502,-66.41371274841985,0.7297796752920938
0.37669342699448066,0.75,0.3914930555555556,0.6666666666666666,0.008791208791208791,1152,6,9.78732638888889,9.417335674862017,6.90846286701209,TeamB-2020,2,fixed_0.5,0.5,0.7297796752920938,2460ca9502,-66.41371274841985,0.7297796752920938
0.17704794261985654,0.0,0.2029616724738676,0.0,0.0,1148,6,5.07404181184669,4.4261985654964136,6.909012131715771,TeamB-2020,2026,support_rate_matched,0.36597710146623497,0.7503412027760838,39b560e891,-25.050135317863372,0.7503412027760838
0.1028060903485592,0.0,0.11585365853658537,0.0,0.0,1148,6,2.8963414634146343,2.57015225871398,6.909012131715771,TeamB-2020,2026,fixed_0.5,0.5,0.7503412027760838,39b560e891,-25.050135317863372,0.7503412027760838
0.18364217252396167,0.625,0.21624007060900266,0.75,0.012096774193548387,1133,4,5.406001765225066,4.5910543130990416,6.896218117854001,TeamB-2020,3,support_rate_matched,0.198960231635177,0.8471645367412141,9f439cd354,-19.262648605635412,0.8471645367412141
0.017763578274760383,0.0,0.02206531332744925,0.0,0.0,1133,4,0.5516328331862312,0.4440894568690096,6.896218117854001,TeamB-2020,3,fixed_0.5,0.5,0.8471645367412141,9f439cd354,-19.262648605635412,0.8471645367412141
0.16687673304764306,0.11538461538461539,0.1849912739965096,0.3333333333333333,0.009345794392523364,1146,6,4.62478184991274,4.171918326191077,6.909722222222222,TeamB-2020,4,support_rate_matched,0.3906090408563614,0.5387572472901436,39b560e891,-29.204080183665692,0.5387572472901436
0.08129568943786236,0.0,0.09424083769633508,0.16666666666666666,0.009174311926605505,1146,6,2.356020942408377,2.032392235946559,6.909722222222222,TeamB-2020,4,fixed_0.5,0.5,0.5387572472901436,39b560e891,-29.204080183665692,0.5387572472901436
0.18359275325338095,0.625,0.2290748898678414,0.75,0.011406844106463879,1135,4,5.726872246696035,4.589818831334524,6.895522388059701,TeamB-2020,42,support_rate_matched,0.20929232673737608,0.8324030364889002,9f439cd354,-20.671009262151298,0.8324030364889002
0.03980607297780046,0.0,0.04933920704845815,0.0,0.0,1135,4,1.2334801762114538,0.9951518244450114,6.895522388059701,TeamB-2020,42,fixed_0.5,0.5,0.8324030364889002,9f439cd354,-20.671009262151298,0.8324030364889002
0.18394777265745008,0.4375,0.21643109540636044,0.5,0.008097165991902834,1132,4,5.410777385159011,4.5986943164362515,6.890845070422535,TeamB-2020,5,support_rate_matched,0.21455569767836227,0.73333493343574,9f439cd354,-26.51967641370962,0.73333493343574
0.07296466973886329,0.0,0.07685512367491167,0.0,0.0,1132,4,1.9213780918727916,1.8241167434715821,6.890845070422535,TeamB-2020,5,fixed_0.5,0.5,0.73333493343574,9f439cd354,-26.51967641370962,0.73333493343574
0.17664104825500818,0.15384615384615385,0.1996512641673932,0.3333333333333333,0.008658008658008658,1147,6,4.99128160418483,4.4160262063752045,6.90633130962706,TeamB-2020,6,support_rate_matched,0.3386575930258807,0.3316259776509241,39b560e891,-35.69719540190654,0.3316259776509241
0.09361219604384528,0.0,0.10636442894507411,0.0,0.0,1147,6,2.6591107236268527,2.340304901096132,6.90633130962706,TeamB-2020,6,fixed_0.5,0.5,0.3316259776509241,39b560e891,-35.69719540190654,0.3316259776509241
