target,seed,n_te_pos,n_te_neg,te_pos_sharing_observation_days_with_support_pos,frac_te_neg_overlapping_support_neg,athlete_rate_auc,athlete_rate_ap
TeamA-2020,0,219,8081,56,0.8938250216557356,0.8306959387796732,0.15867045677845779
TeamA-2020,1,330,8481,52,0.6690248791416107,0.8842792981102143,0.3561709763191756
TeamA-2020,2,209,8018,37,0.8860064854078323,0.6615292028342927,0.08830202874757838
TeamA-2020,3,293,8350,41,0.7780838323353293,0.8328268377919927,0.1447778119484777
TeamA-2020,4,314,8446,49,0.7222353776935828,0.8796171933798986,0.333597239249218
TeamA-2020,5,226,8112,32,0.888560157790927,0.7513898343544362,0.11720261564731606
TeamA-2020,6,334,8490,18,0.6519434628975265,0.8344235557154243,0.17421976373964235
TeamA-2020,42,340,8487,21,0.6240131966537057,0.7282199765731673,0.2698564630183648
TeamA-2020,123,310,8437,61,0.7419698945122674,0.8661498698130737,0.34170380061576755
TeamA-2020,2026,325,8449,40,0.6707302639365605,0.810193832679334,0.1895524148844257
TeamA-2021,0,48,9480,0,0.13639240506329114,0.6663106540084387,0.01868344067850652
TeamA-2021,1,47,9476,0,0.15301815111861544,0.8520068616796745,0.02837260535401791
TeamA-2021,2,43,9475,7,0.18849604221635885,0.6297760323986011,0.010136151225020167
TeamA-2021,3,43,9502,0,0.17554199115975583,0.7135547962974746,0.019075388055481927
TeamA-2021,4,48,9481,0,0.14017508701613754,0.5534665822873819,0.009028630121221615
TeamA-2021,5,48,9481,0,0.13943676827338888,0.6663700207432408,0.01870843900375405
TeamA-2021,6,48,9481,0,0.13964771648560279,0.6665809689554547,0.0188103843054658
TeamA-2021,42,48,9480,0,0.14018987341772152,0.5102166842475386,0.007533591865148955
TeamA-2021,123,42,9470,7,0.19408658922914468,0.7203713481168602,0.022517057903937637
TeamA-2021,2026,47,9476,0,0.14605318699873365,0.5604853919869233,0.008033273175529057
TeamB-2020,0,26,8027,0,0.10190606702379469,0.37000124579544036,0.0032286104557307837
TeamB-2020,1,16,7982,0,0.21598596842896517,0.4807692307692308,0.002000500125031258
TeamB-2020,2,26,8027,0,0.10178148747975582,0.3479506665005606,0.0032286104557307837
TeamB-2020,3,26,8027,0,0.11324280553133176,0.74390039386302,0.008876516584856274
TeamB-2020,4,16,7982,0,0.21761463292407918,0.4367326484590328,0.002000500125031258
TeamB-2020,5,28,8030,0,0.08704856787048568,0.8082814445828145,0.010039440659734672
TeamB-2020,6,16,7982,0,0.2292658481583563,0.4587822600851917,0.002000500125031258
TeamB-2020,42,26,8027,0,0.10801046468169927,0.41391553506914164,0.0032286104557307837
TeamB-2020,123,16,7982,0,0.19794537709847157,0.4587196191430719,0.002000500125031258
TeamB-2020,2026,28,8031,0,0.07807246918192005,0.4812712346799011,0.0033948507364090566
